gamer_tag,favorite_game_genre,hours_played_per_week,in_game_purchases,achievement_points,rank_tier,matches_played,win_rate,friends_count,voice_chat_usage,streaming_hours,platform_used,latency_ms,dlc_owned,season_pass,active_status
user_1,Sports,61.0,,13215.0,Gold,159.0,0.62,171.0,Never,4.0,PC,,86.0,Yes,Active
user_2,RPG,9.0,244.0,9053.0,Silver,99.0,0.32,271.0,,48.0,PC,243.0,71.0,No,Inactive
user_3,Sports,34.0,148.0,36.0,Silver,264.0,,404.0,Never,46.0,,76.0,20.0,,Active
,FPS,22.0,795.0,10273.0,Silver,1773.0,0.78,270.0,,35.0,,314.0,96.0,Yes,Inactive
user_5,RPG,64.0,367.0,19692.0,Bronze,749.0,0.93,422.0,Often,12.0,Console,397.0,46.0,,Inactive
user_6,MOBA,78.0,15.0,12499.0,Platinum,1072.0,0.37,41.0,Sometimes,16.0,PC,403.0,0.0,,Active
user_7,RPG,24.0,175.0,11403.0,Silver,676.0,0.69,188.0,,,Mobile,308.0,11.0,No,Inactive
user_8,,52.0,539.0,,,798.0,0.6,259.0,Never,24.0,Console,408.0,74.0,Yes,Active
user_9,RPG,16.0,405.0,19039.0,Gold,1438.0,0.53,151.0,Often,,,167.0,47.0,,Inactive
user_10,MOBA,56.0,466.0,14017.0,Bronze,1082.0,0.89,130.0,Never,1.0,,255.0,93.0,,Active
user_11,,74.0,879.0,17365.0,Gold,182.0,0.0,113.0,Often,23.0,,361.0,3.0,Yes,Active
user_12,Sports,76.0,128.0,14696.0,Platinum,658.0,0.28,384.0,Sometimes,35.0,Mobile,199.0,33.0,No,Active
user_13,RPG,19.0,222.0,6447.0,,1470.0,0.54,221.0,Often,24.0,PC,64.0,86.0,No,Inactive
user_14,Sports,24.0,883.0,12583.0,Platinum,1921.0,0.18,396.0,Often,33.0,,,31.0,Yes,Inactive
user_15,RPG,41.0,,151.0,Silver,,0.91,53.0,Sometimes,11.0,Console,422.0,2.0,,Inactive
user_16,FPS,44.0,425.0,14257.0,Gold,607.0,0.65,337.0,Sometimes,18.0,Mobile,360.0,91.0,No,Inactive
user_17,FPS,30.0,353.0,11486.0,,1578.0,0.48,295.0,Often,49.0,PC,359.0,67.0,No,Active
user_18,MOBA,64.0,749.0,13507.0,Gold,1377.0,0.81,382.0,Never,,Console,77.0,56.0,,Active
user_19,FPS,51.0,,9514.0,Bronze,1792.0,0.45,394.0,,29.0,Console,,75.0,,
user_20,,79.0,325.0,5648.0,,1236.0,0.56,41.0,Never,36.0,,123.0,23.0,,Inactive
user_21,,20.0,603.0,1511.0,Bronze,1212.0,0.0,92.0,,42.0,Mobile,186.0,32.0,,Inactive
user_22,RPG,29.0,2.0,18642.0,,642.0,0.37,259.0,Sometimes,0.0,,388.0,2.0,Yes,Inactive
user_23,Sports,2.0,478.0,16615.0,Silver,,0.14,280.0,Never,59.0,,222.0,3.0,,Active
user_24,,69.0,975.0,19126.0,Gold,811.0,0.69,355.0,Sometimes,2.0,PC,260.0,29.0,No,Active
user_25,RPG,42.0,80.0,7749.0,Gold,1926.0,0.48,419.0,Often,48.0,,400.0,69.0,,Active
user_26,Sports,28.0,43.0,571.0,Platinum,800.0,0.3,191.0,Often,25.0,Mobile,92.0,48.0,,Inactive
user_27,FPS,2.0,154.0,17586.0,,1160.0,0.47,124.0,Never,14.0,Mobile,365.0,29.0,Yes,Inactive
user_28,RPG,57.0,946.0,12232.0,,1053.0,0.21,427.0,Sometimes,45.0,Mobile,279.0,71.0,Yes,Inactive
user_29,,32.0,535.0,9762.0,Bronze,145.0,0.93,295.0,Never,55.0,,496.0,81.0,,
user_30,MOBA,74.0,915.0,13217.0,,1847.0,0.05,347.0,Never,46.0,Console,340.0,15.0,Yes,Active
user_31,MOBA,44.0,927.0,9231.0,Gold,1491.0,,428.0,,47.0,Mobile,30.0,52.0,Yes,Active
user_32,,68.0,98.0,6609.0,,1640.0,0.51,391.0,Often,27.0,,411.0,5.0,,Inactive
user_33,Sports,31.0,396.0,,Platinum,502.0,0.62,340.0,Never,3.0,Mobile,125.0,,Yes,Active
user_34,MOBA,51.0,879.0,12273.0,Platinum,798.0,0.3,34.0,Often,18.0,,293.0,91.0,,Active
user_35,,63.0,170.0,16554.0,Gold,967.0,0.97,427.0,,,PC,,95.0,Yes,Active
user_36,RPG,39.0,147.0,5151.0,Gold,1214.0,0.28,401.0,Sometimes,56.0,PC,445.0,88.0,Yes,Active
user_37,RPG,12.0,122.0,6406.0,Gold,470.0,0.59,46.0,Never,39.0,,,27.0,No,Inactive
user_38,Sports,,111.0,14294.0,,689.0,0.99,152.0,Often,5.0,Mobile,411.0,,,Active
user_39,Sports,73.0,129.0,14893.0,,1368.0,0.88,237.0,Never,15.0,,206.0,7.0,Yes,Active
user_40,Sports,28.0,67.0,188.0,Silver,1774.0,0.54,,Sometimes,31.0,PC,386.0,35.0,No,Active
user_41,Sports,,858.0,13073.0,Bronze,0.0,0.99,4.0,Never,29.0,,40.0,8.0,Yes,Active
user_42,MOBA,25.0,827.0,7145.0,,109.0,0.7,447.0,Never,34.0,PC,129.0,39.0,,Inactive
user_43,MOBA,58.0,728.0,5927.0,Silver,1873.0,0.21,445.0,Often,7.0,PC,227.0,84.0,No,Active
user_44,,48.0,899.0,599.0,Silver,1810.0,0.41,124.0,Sometimes,4.0,Console,239.0,50.0,No,Active
,MOBA,52.0,891.0,13133.0,,1906.0,0.33,366.0,,36.0,Mobile,128.0,0.0,,Inactive
user_46,RPG,30.0,607.0,12209.0,,893.0,0.34,327.0,Sometimes,11.0,,474.0,62.0,No,Inactive
user_47,,11.0,656.0,11524.0,,1769.0,0.76,86.0,Sometimes,24.0,Mobile,175.0,67.0,No,Inactive
user_48,MOBA,57.0,896.0,,Platinum,,0.58,2.0,,32.0,Mobile,495.0,73.0,Yes,Inactive
user_49,Sports,35.0,544.0,19960.0,Bronze,755.0,0.04,491.0,Never,38.0,PC,490.0,,No,Inactive
user_50,MOBA,9.0,285.0,9145.0,Platinum,,0.88,164.0,,23.0,PC,499.0,39.0,,Inactive
user_51,FPS,,4.0,14357.0,Bronze,261.0,0.3,222.0,Never,10.0,,454.0,2.0,Yes,Active
user_52,,6.0,117.0,9817.0,Gold,1552.0,1.0,348.0,Never,41.0,,185.0,8.0,No,Active
user_53,MOBA,30.0,651.0,1870.0,Gold,1325.0,,296.0,,34.0,,,31.0,Yes,Inactive
user_54,MOBA,71.0,229.0,18408.0,Platinum,1991.0,0.94,403.0,,39.0,PC,122.0,66.0,,Active
user_55,RPG,2.0,159.0,12521.0,Gold,885.0,0.81,450.0,Never,0.0,Console,231.0,3.0,No,Active
user_56,Sports,46.0,293.0,5453.0,,233.0,0.22,342.0,Sometimes,7.0,,383.0,5.0,,Active
,Sports,0.0,760.0,1827.0,Platinum,72.0,0.53,423.0,Often,22.0,PC,448.0,72.0,,Active
user_58,RPG,44.0,784.0,16923.0,Silver,1380.0,0.22,340.0,Sometimes,19.0,Console,41.0,25.0,No,Active
,RPG,,185.0,16225.0,,950.0,0.26,460.0,Never,31.0,Mobile,321.0,1.0,No,Inactive
user_60,FPS,49.0,876.0,7202.0,Platinum,1626.0,0.61,391.0,Never,10.0,PC,100.0,65.0,Yes,Active
user_61,,78.0,551.0,4438.0,Bronze,483.0,,388.0,Often,6.0,,124.0,84.0,,Active
user_62,Sports,6.0,223.0,19885.0,Gold,1029.0,0.97,24.0,Sometimes,57.0,,495.0,85.0,No,Inactive
user_63,RPG,62.0,,12139.0,Gold,1733.0,0.92,38.0,Never,29.0,Console,441.0,2.0,,Active
user_64,RPG,14.0,139.0,11218.0,Gold,876.0,0.38,420.0,Never,58.0,Console,16.0,34.0,No,Active
user_65,,66.0,366.0,12924.0,Platinum,1731.0,0.52,380.0,,47.0,PC,126.0,58.0,,Active
,RPG,29.0,127.0,19921.0,,1831.0,0.47,104.0,Often,38.0,Console,39.0,37.0,Yes,Active
user_67,FPS,77.0,350.0,6716.0,Bronze,858.0,0.88,4.0,,12.0,PC,493.0,32.0,,Active
user_68,,67.0,146.0,16088.0,Gold,1857.0,0.69,135.0,,41.0,Console,255.0,14.0,No,Active
user_69,FPS,35.0,284.0,6818.0,,136.0,0.28,491.0,,59.0,Mobile,71.0,74.0,Yes,Inactive
user_70,MOBA,66.0,468.0,4286.0,Silver,778.0,0.45,3.0,Never,48.0,,486.0,73.0,Yes,Active
user_71,Sports,4.0,217.0,4739.0,Silver,1427.0,0.43,168.0,Sometimes,2.0,,42.0,99.0,No,Inactive
user_72,RPG,24.0,435.0,2089.0,Bronze,627.0,0.96,315.0,,6.0,Mobile,284.0,13.0,Yes,Inactive
user_73,,10.0,731.0,5605.0,Gold,554.0,0.18,309.0,Sometimes,42.0,,234.0,65.0,,Active
user_74,FPS,71.0,144.0,6822.0,Silver,742.0,0.09,405.0,,12.0,,341.0,44.0,,Active
user_75,Sports,65.0,840.0,3321.0,,569.0,0.88,77.0,,36.0,,172.0,47.0,No,Active
user_76,Sports,27.0,276.0,11773.0,,1229.0,,18.0,Never,24.0,,453.0,,,Inactive
user_77,RPG,59.0,753.0,18933.0,Silver,409.0,0.87,204.0,,22.0,Mobile,445.0,36.0,No,Inactive
user_78,Sports,9.0,59.0,1216.0,Gold,1829.0,0.51,354.0,,,,332.0,28.0,Yes,
user_79,RPG,49.0,609.0,4885.0,Bronze,1629.0,0.66,323.0,Never,,,250.0,,,Active
user_80,MOBA,38.0,842.0,12170.0,Gold,1059.0,,32.0,,32.0,Mobile,83.0,83.0,No,Inactive
user_81,,36.0,374.0,8933.0,Platinum,229.0,0.07,149.0,Often,4.0,,118.0,84.0,,Active
user_82,FPS,62.0,403.0,9906.0,Silver,1250.0,0.6,192.0,Sometimes,31.0,Mobile,305.0,33.0,Yes,Active
user_83,Sports,60.0,880.0,12236.0,Platinum,1718.0,0.01,138.0,Sometimes,29.0,Mobile,221.0,58.0,Yes,Inactive
user_84,Sports,37.0,692.0,2797.0,Silver,261.0,0.32,271.0,Never,30.0,PC,204.0,42.0,,
user_85,Sports,32.0,113.0,818.0,Bronze,1154.0,0.93,195.0,Never,12.0,Console,385.0,32.0,Yes,Active
user_86,,74.0,494.0,8434.0,Gold,1600.0,0.3,126.0,Never,41.0,PC,356.0,18.0,No,
user_87,,44.0,614.0,7926.0,Gold,891.0,0.94,348.0,Often,4.0,PC,246.0,7.0,,Inactive
user_88,RPG,43.0,335.0,12717.0,Silver,447.0,0.25,230.0,Often,22.0,,17.0,30.0,,Active
user_89,FPS,0.0,830.0,12069.0,,185.0,0.31,,,0.0,Mobile,,10.0,Yes,Inactive
user_90,RPG,52.0,568.0,12.0,Platinum,1652.0,0.63,229.0,,9.0,Console,211.0,7.0,No,Inactive
user_91,Sports,46.0,284.0,5894.0,Gold,1209.0,0.76,215.0,Never,49.0,Mobile,266.0,24.0,,Active
user_92,MOBA,32.0,128.0,19401.0,Gold,1297.0,0.5,243.0,Never,26.0,,101.0,19.0,,Active
user_93,FPS,66.0,891.0,7392.0,Silver,1686.0,0.88,8.0,Sometimes,53.0,Mobile,75.0,37.0,Yes,Inactive
user_94,MOBA,14.0,977.0,16102.0,,351.0,0.04,249.0,Often,7.0,,485.0,6.0,Yes,Inactive
user_95,FPS,13.0,314.0,689.0,Platinum,1436.0,0.92,199.0,Never,51.0,PC,307.0,76.0,,Inactive
user_96,FPS,,959.0,19522.0,,1174.0,0.2,333.0,Often,2.0,PC,353.0,38.0,No,Active
user_97,Sports,53.0,597.0,11932.0,,383.0,0.88,78.0,Never,18.0,,234.0,73.0,Yes,Inactive
user_98,RPG,7.0,711.0,11766.0,Silver,1059.0,0.4,244.0,,50.0,PC,361.0,71.0,No,Active
user_99,Sports,53.0,70.0,13292.0,,325.0,0.83,189.0,Never,1.0,,304.0,19.0,Yes,Active
,Sports,35.0,344.0,14863.0,Platinum,,0.67,85.0,,48.0,Console,36.0,80.0,,Active
user_101,Sports,51.0,989.0,,Bronze,465.0,0.18,484.0,Sometimes,30.0,Console,254.0,10.0,Yes,Active
user_102,MOBA,5.0,97.0,7408.0,Bronze,1118.0,0.92,270.0,Sometimes,47.0,Mobile,258.0,15.0,Yes,
user_103,FPS,27.0,299.0,10694.0,Platinum,1157.0,0.25,261.0,Sometimes,52.0,Console,263.0,41.0,Yes,Inactive
user_104,,49.0,,8142.0,Silver,161.0,0.24,0.0,Never,9.0,Mobile,186.0,95.0,,Inactive
user_105,RPG,37.0,744.0,1765.0,Gold,555.0,0.81,19.0,Sometimes,52.0,,344.0,89.0,No,Inactive
user_106,Sports,29.0,883.0,15237.0,Silver,299.0,0.11,488.0,Never,15.0,Console,466.0,51.0,No,Inactive
user_107,FPS,72.0,74.0,5778.0,Platinum,1818.0,0.22,419.0,Often,36.0,,480.0,36.0,No,Active
user_108,RPG,53.0,142.0,2291.0,,355.0,0.5,129.0,,19.0,,170.0,51.0,Yes,Active
user_109,,70.0,930.0,4866.0,Bronze,1263.0,0.83,325.0,Often,2.0,Mobile,8.0,8.0,Yes,Inactive
user_110,,45.0,22.0,8429.0,,563.0,0.15,257.0,Never,59.0,Console,467.0,34.0,No,Inactive
user_111,Sports,27.0,180.0,,Silver,1961.0,0.55,130.0,,34.0,PC,149.0,66.0,,Inactive
user_112,,16.0,44.0,11747.0,Platinum,792.0,0.71,6.0,,33.0,PC,169.0,94.0,,Inactive
user_113,,47.0,,17968.0,Bronze,1022.0,0.86,,Sometimes,20.0,PC,348.0,6.0,,Active
user_114,RPG,43.0,91.0,1307.0,Platinum,,0.94,240.0,Often,,PC,490.0,,,Inactive
user_115,RPG,59.0,268.0,,Bronze,1830.0,0.78,191.0,Never,31.0,Mobile,366.0,24.0,Yes,Active
user_116,Sports,,33.0,16415.0,Bronze,,0.65,424.0,,53.0,,109.0,75.0,No,Active
user_117,FPS,,677.0,291.0,Bronze,1190.0,0.43,309.0,,17.0,Console,40.0,93.0,,Inactive
user_118,Sports,68.0,581.0,3686.0,Silver,139.0,0.11,296.0,,33.0,Mobile,318.0,93.0,Yes,Active
user_119,MOBA,,363.0,12579.0,Platinum,1162.0,0.71,114.0,Never,55.0,PC,173.0,92.0,Yes,Inactive
user_120,,69.0,707.0,1642.0,Gold,1904.0,0.99,388.0,,37.0,Console,,40.0,Yes,Active
user_121,FPS,6.0,132.0,8769.0,Gold,234.0,0.74,472.0,Often,2.0,Mobile,455.0,74.0,No,Active
user_122,RPG,52.0,,3909.0,Gold,1026.0,0.02,101.0,Often,52.0,,418.0,51.0,Yes,Active
user_123,,16.0,381.0,17607.0,Platinum,255.0,0.5,337.0,Sometimes,2.0,PC,90.0,86.0,No,Active
user_124,MOBA,58.0,679.0,12268.0,,370.0,0.61,318.0,,26.0,Console,440.0,80.0,No,Active
user_125,,8.0,965.0,10844.0,Platinum,,0.69,0.0,Never,1.0,Console,101.0,76.0,No,Inactive
user_126,RPG,21.0,276.0,8638.0,Bronze,515.0,-2.0,24.0,Never,2.0,PC,,,,Active
user_127,FPS,44.0,,4373.0,,903.0,0.56,208.0,Never,16.0,,440.0,64.0,Yes,Inactive
user_128,RPG,,386.0,11233.0,Bronze,1805.0,0.22,429.0,Never,45.0,,,76.0,Yes,Inactive
user_129,,58.0,534.0,18963.0,Bronze,1235.0,0.94,142.0,,38.0,,34.0,37.0,Yes,Active
user_130,MOBA,,199.0,17806.0,Platinum,1239.0,0.7,,Often,53.0,Console,105.0,66.0,,Inactive
user_131,,12.0,274.0,7558.0,Gold,269.0,,144.0,Sometimes,52.0,PC,71.0,79.0,,Active
user_132,Sports,11.0,500.0,13271.0,,475.0,0.32,148.0,Often,37.0,,392.0,41.0,No,Inactive
user_133,MOBA,35.0,458.0,6745.0,Silver,1551.0,0.92,180.0,Sometimes,39.0,,353.0,70.0,No,Inactive
user_134,,9.0,49.0,18993.0,,927.0,0.89,,Never,18.0,Mobile,445.0,53.0,No,Active
user_135,FPS,15.0,969.0,19465.0,Silver,63.0,0.41,470.0,Never,18.0,,67.0,66.0,No,Inactive
user_136,FPS,18.0,697.0,6734.0,,1774.0,0.04,362.0,,,PC,36.0,77.0,,Inactive
user_137,FPS,5.0,987.0,13860.0,,459.0,0.05,137.0,Never,4.0,,91.0,63.0,,Inactive
user_138,Sports,3.0,531.0,,Platinum,1039.0,0.28,208.0,,4.0,,215.0,79.0,No,Active
user_139,RPG,29.0,627.0,8650.0,Silver,563.0,0.63,184.0,,13.0,PC,467.0,3.0,Yes,Inactive
user_140,FPS,45.0,91.0,16487.0,Bronze,,0.58,64.0,,26.0,Console,55.0,30.0,No,Inactive
user_141,Sports,26.0,860.0,17125.0,,1348.0,0.63,36.0,Never,48.0,Console,67.0,12.0,Yes,Active
user_142,FPS,44.0,455.0,9764.0,,907.0,0.72,111.0,Never,47.0,PC,84.0,26.0,Yes,Inactive
user_143,Sports,36.0,338.0,10893.0,Platinum,92.0,0.02,262.0,Often,35.0,,347.0,58.0,Yes,Active
user_144,FPS,8.0,52.0,12842.0,Gold,772.0,0.11,75.0,,56.0,Console,,64.0,Yes,Inactive
user_145,RPG,60.0,,4723.0,Platinum,809.0,0.36,295.0,Often,39.0,,370.0,63.0,No,Inactive
user_146,,34.0,634.0,11604.0,Silver,1040.0,0.15,177.0,Never,34.0,PC,105.0,24.0,No,Inactive
user_147,FPS,46.0,852.0,5203.0,Platinum,1646.0,0.08,253.0,Sometimes,20.0,Mobile,133.0,36.0,No,Active
user_148,,20.0,849.0,2976.0,,839.0,0.64,,,4.0,Console,23.0,74.0,,Inactive
user_149,FPS,16.0,,7426.0,Platinum,1895.0,0.82,147.0,Sometimes,54.0,PC,361.0,72.0,No,Active
user_150,RPG,54.0,3.0,,Platinum,487.0,0.75,363.0,,23.0,Console,423.0,70.0,,Active
user_151,,5.0,680.0,14702.0,,1117.0,,158.0,Never,56.0,,451.0,13.0,Yes,
user_152,Sports,34.0,280.0,6486.0,Platinum,1033.0,0.67,323.0,Sometimes,38.0,Mobile,98.0,,Yes,Inactive
user_153,FPS,49.0,289.0,6490.0,,1747.0,0.74,473.0,,49.0,Mobile,,23.0,,Active
user_154,FPS,36.0,72.0,14114.0,Silver,748.0,0.27,267.0,Often,23.0,PC,107.0,66.0,,Inactive
user_155,Sports,12.0,136.0,18328.0,,1789.0,0.99,149.0,Often,39.0,Console,373.0,47.0,No,Inactive
,RPG,,849.0,5973.0,Silver,527.0,0.18,128.0,,42.0,Mobile,158.0,90.0,No,Inactive
user_157,MOBA,0.0,767.0,13447.0,Silver,1512.0,0.21,125.0,Often,,Console,273.0,64.0,Yes,Inactive
user_158,FPS,48.0,970.0,15858.0,,1167.0,0.29,0.0,Often,49.0,,122.0,37.0,No,Active
user_159,Sports,34.0,652.0,13171.0,Platinum,553.0,0.98,386.0,Sometimes,12.0,,346.0,89.0,Yes,Inactive
user_160,MOBA,52.0,997.0,16317.0,Gold,514.0,0.99,116.0,Often,37.0,PC,498.0,,No,Active
user_161,FPS,51.0,392.0,5521.0,,1942.0,0.79,459.0,Sometimes,,Mobile,283.0,58.0,,
user_162,,53.0,207.0,12891.0,Platinum,1493.0,0.63,148.0,Never,57.0,Mobile,496.0,11.0,Yes,Active
user_163,Sports,75.0,259.0,,Silver,376.0,0.52,268.0,Often,0.0,Console,367.0,,,
user_164,,,,10687.0,Bronze,1691.0,0.97,188.0,,42.0,,229.0,50.0,,Active
user_165,RPG,42.0,262.0,246.0,Gold,1517.0,0.7,,Often,38.0,Mobile,479.0,37.0,No,Active
user_166,MOBA,19.0,782.0,11009.0,Platinum,1708.0,0.94,,,9.0,PC,423.0,45.0,,Active
user_167,Sports,32.0,504.0,2171.0,Gold,483.0,0.32,465.0,,1.0,PC,272.0,,No,Inactive
user_168,FPS,15.0,549.0,11523.0,Bronze,451.0,0.33,251.0,Never,15.0,Mobile,141.0,9.0,,Inactive
user_169,FPS,77.0,202.0,15528.0,Bronze,1559.0,0.85,416.0,Never,36.0,PC,230.0,8.0,,Active
user_170,MOBA,6.0,735.0,15276.0,Bronze,,0.15,389.0,Never,15.0,Mobile,338.0,86.0,Yes,Inactive
,,69.0,346.0,7457.0,,1098.0,0.95,280.0,,22.0,Mobile,,,,Inactive
user_172,,20.0,989.0,2060.0,Gold,,0.51,406.0,Never,25.0,Mobile,327.0,51.0,No,Inactive
user_173,Sports,35.0,51.0,3334.0,,301.0,0.93,343.0,,15.0,Mobile,112.0,50.0,Yes,Inactive
user_174,Sports,53.0,592.0,13087.0,Bronze,1575.0,0.34,100.0,Never,26.0,Console,304.0,21.0,,Active
user_175,,18.0,355.0,944.0,Platinum,1085.0,0.72,281.0,Sometimes,46.0,Mobile,449.0,72.0,Yes,Inactive
user_176,Sports,24.0,722.0,,Bronze,,0.48,387.0,Sometimes,40.0,PC,409.0,82.0,,Active
user_177,,66.0,518.0,14638.0,,1526.0,0.63,357.0,Often,29.0,,11.0,71.0,No,Inactive
user_178,MOBA,52.0,362.0,5284.0,Bronze,998.0,0.5,162.0,Sometimes,32.0,Console,132.0,67.0,No,
,Sports,74.0,44.0,9244.0,Bronze,1268.0,0.97,496.0,Never,31.0,,357.0,4.0,Yes,
user_180,,47.0,826.0,10916.0,,17.0,0.69,202.0,Sometimes,8.0,,487.0,82.0,,Active
user_181,Sports,41.0,377.0,9509.0,,1675.0,0.25,99.0,Sometimes,,,271.0,81.0,,Active
user_182,FPS,46.0,788.0,12764.0,Platinum,397.0,0.91,280.0,Never,36.0,,177.0,28.0,Yes,Inactive
user_183,FPS,41.0,411.0,14891.0,,,0.29,403.0,Sometimes,5.0,,420.0,82.0,Yes,Inactive
user_184,RPG,1.0,,14003.0,Platinum,593.0,0.37,256.0,Never,29.0,PC,218.0,5.0,No,Inactive
user_185,,5.0,141.0,9866.0,Silver,188.0,0.1,,Sometimes,39.0,Mobile,251.0,68.0,Yes,Active
user_186,RPG,45.0,257.0,333.0,,1643.0,0.9,323.0,Never,14.0,PC,110.0,57.0,,Active
user_187,,65.0,796.0,9456.0,,1769.0,0.29,278.0,,58.0,Console,87.0,42.0,Yes,Active
user_188,Sports,39.0,913.0,11369.0,Bronze,1803.0,0.26,226.0,,47.0,,296.0,68.0,,Active
user_189,,57.0,36.0,19329.0,Gold,103.0,0.92,361.0,Often,29.0,Console,378.0,71.0,Yes,Active
user_190,FPS,77.0,940.0,13218.0,,1946.0,0.81,149.0,Sometimes,17.0,Mobile,425.0,90.0,,Inactive
user_191,Sports,73.0,44.0,,,1669.0,0.14,350.0,Often,11.0,,207.0,36.0,Yes,Active
user_192,FPS,32.0,919.0,12410.0,,1367.0,0.77,61.0,Never,54.0,Mobile,,57.0,Yes,Active
user_193,Sports,61.0,631.0,2665.0,Bronze,1394.0,0.91,128.0,,59.0,PC,209.0,36.0,Yes,Inactive
user_194,,11.0,45.0,7131.0,Silver,32.0,0.08,186.0,Never,3.0,PC,352.0,81.0,No,Active
user_195,,48.0,,4935.0,,748.0,0.83,67.0,Often,56.0,Mobile,53.0,25.0,No,Active
user_196,FPS,77.0,564.0,415.0,Bronze,373.0,0.55,402.0,Never,53.0,Mobile,147.0,41.0,No,Active
user_197,MOBA,4.0,300.0,707.0,Bronze,1871.0,0.67,29.0,Never,15.0,PC,145.0,15.0,No,Active
user_198,,,287.0,2684.0,Platinum,1201.0,0.49,384.0,Never,22.0,Mobile,57.0,21.0,,Inactive
user_199,MOBA,68.0,785.0,7494.0,Platinum,1035.0,0.7,303.0,,10.0,Console,111.0,22.0,,Active
user_200,Sports,31.0,268.0,19750.0,Platinum,1886.0,0.03,274.0,,53.0,Console,37.0,46.0,,Inactive
user_201,MOBA,48.0,899.0,19887.0,Gold,1976.0,0.76,126.0,Never,58.0,PC,204.0,66.0,,Active
user_202,FPS,59.0,790.0,6180.0,,740.0,0.03,435.0,Never,23.0,PC,123.0,2.0,No,Inactive
user_203,RPG,45.0,61.0,14011.0,,1844.0,0.46,212.0,,21.0,Mobile,292.0,11.0,Yes,
user_204,RPG,67.0,565.0,2559.0,Silver,1804.0,0.15,405.0,Never,38.0,Mobile,233.0,22.0,,Active
user_205,FPS,40.0,969.0,8137.0,Silver,889.0,0.82,,,55.0,,122.0,10.0,Yes,Inactive
user_206,RPG,66.0,950.0,3971.0,,455.0,0.31,449.0,Often,14.0,Console,,51.0,No,Inactive
user_207,FPS,12.0,580.0,2957.0,Bronze,1893.0,0.45,133.0,,48.0,PC,456.0,49.0,,Inactive
user_208,,17.0,241.0,18113.0,,1666.0,,447.0,Sometimes,14.0,PC,189.0,56.0,No,Active
user_209,MOBA,50.0,935.0,10093.0,Gold,248.0,0.77,404.0,Never,9.0,PC,322.0,63.0,Yes,Inactive
user_210,RPG,35.0,781.0,12951.0,Silver,447.0,0.48,480.0,Often,27.0,PC,342.0,45.0,,Inactive
user_211,,33.0,763.0,26.0,Silver,,0.79,402.0,,35.0,,219.0,,Yes,Inactive
user_212,RPG,11.0,353.0,2583.0,Silver,979.0,0.07,,Never,53.0,Console,225.0,69.0,,Active
user_213,Sports,4.0,795.0,3055.0,,1593.0,,420.0,Sometimes,,,,45.0,No,Active
user_214,FPS,47.0,967.0,6801.0,Silver,1027.0,0.55,318.0,Never,35.0,Console,337.0,15.0,,Inactive
user_215,FPS,39.0,975.0,1658.0,Silver,1259.0,0.95,156.0,Often,21.0,PC,276.0,97.0,Yes,Inactive
user_216,,12.0,862.0,3951.0,,172.0,0.07,187.0,,,Console,250.0,50.0,Yes,Active
user_217,Sports,25.0,70.0,7299.0,Bronze,1345.0,0.04,475.0,Often,28.0,PC,127.0,10.0,Yes,Inactive
user_218,MOBA,13.0,834.0,9933.0,Silver,370.0,0.16,161.0,,21.0,,12.0,10.0,Yes,
user_219,Sports,10.0,412.0,12279.0,Silver,1571.0,0.64,128.0,Sometimes,10.0,Console,407.0,62.0,No,Inactive
user_220,Sports,37.0,611.0,4137.0,Silver,790.0,0.4,303.0,Never,35.0,Mobile,420.0,52.0,Yes,Inactive
user_221,MOBA,79.0,60.0,11423.0,Gold,748.0,0.83,88.0,Often,43.0,Console,71.0,88.0,No,Active
user_222,,56.0,614.0,1714.0,,786.0,0.07,382.0,Sometimes,28.0,PC,119.0,57.0,,Active
user_223,Sports,21.0,451.0,11388.0,Silver,1319.0,,404.0,Sometimes,,Mobile,373.0,18.0,,Inactive
user_224,RPG,15.0,392.0,19715.0,Gold,839.0,0.3,161.0,Never,41.0,PC,292.0,31.0,,Active
user_225,RPG,76.0,630.0,3347.0,Bronze,399.0,0.63,409.0,,31.0,Mobile,109.0,49.0,,Inactive
user_226,Sports,75.0,528.0,1986.0,Bronze,1081.0,,35.0,,13.0,Mobile,473.0,71.0,No,Inactive
,RPG,28.0,304.0,3544.0,Gold,1898.0,0.12,226.0,Never,17.0,Console,29.0,54.0,Yes,Active
user_228,MOBA,1.0,190.0,17085.0,Bronze,1553.0,0.94,150.0,,37.0,Console,57.0,75.0,No,Inactive
user_229,MOBA,53.0,,9646.0,Platinum,547.0,0.34,80.0,,36.0,Mobile,251.0,40.0,Yes,Inactive
user_230,RPG,1.0,77.0,3786.0,Bronze,407.0,0.71,,Never,33.0,Mobile,,98.0,,Active
user_231,MOBA,2.0,557.0,14415.0,Platinum,640.0,0.52,489.0,,56.0,,285.0,69.0,No,Inactive
user_232,FPS,55.0,604.0,18855.0,Gold,1536.0,0.22,203.0,Often,44.0,PC,37.0,20.0,Yes,Inactive
user_233,MOBA,71.0,888.0,14284.0,Platinum,63.0,0.85,427.0,,22.0,Console,291.0,25.0,,Inactive
user_234,Sports,10.0,524.0,6659.0,Bronze,573.0,,147.0,Sometimes,31.0,PC,40.0,0.0,No,Inactive
user_235,,75.0,739.0,3044.0,Silver,1901.0,0.4,230.0,Never,45.0,Console,347.0,80.0,,Active
user_236,RPG,31.0,300.0,3883.0,Platinum,419.0,0.59,26.0,Never,2.0,,383.0,98.0,No,Inactive
,RPG,3.0,948.0,19324.0,Bronze,1866.0,0.26,489.0,Often,54.0,PC,243.0,,No,Inactive
user_238,MOBA,8.0,16.0,15351.0,Silver,145.0,0.69,188.0,Never,42.0,Console,496.0,49.0,,Inactive
user_239,MOBA,55.0,814.0,18204.0,Gold,1295.0,0.31,164.0,,58.0,Mobile,221.0,,,Inactive
user_240,,15.0,573.0,15762.0,Gold,16.0,0.84,211.0,,21.0,Mobile,181.0,99.0,,Active
user_241,,70.0,433.0,19186.0,,1815.0,0.22,307.0,Never,22.0,Console,48.0,64.0,,Active
user_242,Sports,9.0,42.0,18847.0,Gold,97.0,0.01,74.0,,3.0,Mobile,308.0,9.0,Yes,Active
user_243,,35.0,67.0,3371.0,,451.0,0.27,91.0,Sometimes,12.0,Mobile,162.0,94.0,,Inactive
user_244,Sports,23.0,379.0,8527.0,Gold,1762.0,0.19,61.0,Never,31.0,,273.0,36.0,No,Inactive
user_245,RPG,63.0,211.0,10116.0,Gold,974.0,0.51,65.0,Never,57.0,,175.0,68.0,No,Active
user_246,MOBA,55.0,202.0,2788.0,Gold,897.0,0.2,407.0,Never,28.0,,499.0,40.0,No,Active
user_247,Sports,77.0,725.0,4125.0,,1015.0,0.76,,Sometimes,39.0,PC,225.0,45.0,No,Inactive
user_248,MOBA,77.0,108.0,3606.0,,1266.0,0.24,139.0,Never,39.0,,404.0,76.0,Yes,Active
user_249,MOBA,21.0,967.0,17924.0,Platinum,478.0,0.71,399.0,Never,54.0,,,44.0,No,Inactive
user_250,Sports,51.0,283.0,8766.0,Bronze,,0.58,419.0,,44.0,,95.0,,No,Inactive
user_251,Sports,49.0,940.0,220.0,Bronze,1929.0,0.99,129.0,,54.0,Console,414.0,26.0,No,
user_252,,46.0,936.0,10205.0,Bronze,1972.0,1.0,472.0,,9.0,Mobile,463.0,64.0,,Inactive
user_253,,,605.0,10833.0,,1496.0,0.87,253.0,,12.0,Console,435.0,83.0,,Inactive
user_254,,75.0,224.0,753.0,Bronze,178.0,0.76,445.0,Never,44.0,,425.0,,Yes,Inactive
user_255,,18.0,736.0,13875.0,,507.0,0.39,319.0,Sometimes,55.0,PC,135.0,66.0,Yes,Inactive
user_256,Sports,51.0,750.0,7488.0,Platinum,452.0,0.75,,Never,16.0,Console,414.0,48.0,Yes,Inactive
,FPS,33.0,117.0,7206.0,Silver,269.0,0.96,475.0,Often,37.0,,230.0,95.0,No,Active
,RPG,28.0,931.0,9680.0,Platinum,,0.02,201.0,Sometimes,1.0,PC,229.0,88.0,Yes,Active
user_259,,60.0,602.0,7938.0,,1647.0,0.54,236.0,Often,16.0,PC,147.0,88.0,,Active
user_260,,34.0,339.0,18345.0,Bronze,485.0,0.22,86.0,Never,43.0,PC,70.0,,,Active
user_261,,4.0,800.0,5958.0,,577.0,0.56,95.0,,25.0,Mobile,32.0,61.0,,Inactive
user_262,MOBA,75.0,280.0,15770.0,Platinum,337.0,0.47,286.0,Sometimes,54.0,PC,129.0,42.0,No,Active
user_263,MOBA,6.0,490.0,19867.0,,860.0,0.58,338.0,,37.0,,216.0,,No,Active
,Sports,40.0,18.0,6635.0,,1972.0,0.55,398.0,Never,36.0,Console,426.0,95.0,Yes,Inactive
user_265,Sports,1.0,174.0,,Silver,756.0,0.96,438.0,Often,4.0,Console,432.0,26.0,Yes,Active
user_266,MOBA,9.0,468.0,17166.0,,756.0,0.55,288.0,Sometimes,24.0,,441.0,67.0,Yes,Active
user_267,,43.0,617.0,12869.0,,1471.0,0.85,251.0,Sometimes,8.0,Mobile,84.0,74.0,,Active
user_268,MOBA,69.0,800.0,16603.0,Silver,583.0,0.32,464.0,,59.0,Mobile,242.0,47.0,No,Active
user_269,FPS,34.0,759.0,9219.0,Gold,1380.0,0.44,,Sometimes,27.0,PC,136.0,66.0,,Inactive
user_270,,61.0,834.0,8029.0,Gold,1072.0,0.47,99.0,,21.0,,332.0,24.0,No,Active
user_271,MOBA,73.0,141.0,16272.0,,1519.0,0.28,403.0,Sometimes,28.0,PC,304.0,63.0,Yes,Active
user_272,Sports,72.0,462.0,16673.0,,345.0,0.38,72.0,Sometimes,34.0,PC,123.0,23.0,No,Active
user_273,MOBA,19.0,928.0,16763.0,Bronze,701.0,0.6,421.0,Never,54.0,,50.0,8.0,,Active
user_274,RPG,34.0,297.0,12165.0,Platinum,292.0,0.58,130.0,Sometimes,19.0,Mobile,88.0,7.0,No,Inactive
user_275,MOBA,36.0,469.0,11043.0,Bronze,1712.0,0.64,181.0,,4.0,Mobile,286.0,94.0,,Inactive
user_276,,71.0,704.0,,Bronze,1987.0,0.35,193.0,,38.0,Console,356.0,58.0,Yes,Active
user_277,MOBA,53.0,862.0,6886.0,,1696.0,0.32,17.0,,43.0,,17.0,16.0,No,Inactive
user_278,Sports,79.0,814.0,1958.0,Platinum,1173.0,0.61,470.0,Often,31.0,PC,129.0,42.0,Yes,Inactive
user_279,FPS,27.0,802.0,10319.0,Platinum,1605.0,0.13,125.0,Sometimes,38.0,,329.0,94.0,Yes,Inactive
user_280,RPG,,372.0,2183.0,Gold,1568.0,0.25,210.0,Never,9.0,PC,176.0,67.0,,Inactive
user_281,,31.0,467.0,3774.0,Silver,795.0,0.04,6.0,Never,39.0,Console,238.0,3.0,,Active
user_282,Sports,10.0,927.0,14272.0,,1879.0,0.07,418.0,Often,16.0,Console,185.0,7.0,Yes,Inactive
user_283,RPG,41.0,950.0,777.0,Platinum,1021.0,0.24,379.0,Sometimes,36.0,Console,55.0,41.0,,Active
user_284,MOBA,22.0,437.0,2566.0,,1283.0,0.02,113.0,,14.0,Console,273.0,48.0,,
user_285,RPG,29.0,843.0,10095.0,Gold,1345.0,0.25,339.0,Often,59.0,PC,173.0,5.0,Yes,Active
user_286,FPS,8.0,946.0,10953.0,Bronze,76.0,,83.0,Often,8.0,Mobile,399.0,72.0,Yes,Active
user_287,,58.0,,7404.0,Platinum,1133.0,,338.0,,31.0,,425.0,41.0,,Active
user_288,RPG,,442.0,78.0,Gold,816.0,0.44,360.0,Often,22.0,Console,320.0,71.0,Yes,Active
user_289,MOBA,78.0,455.0,1581.0,,895.0,0.91,463.0,Often,10.0,Mobile,292.0,31.0,Yes,Active
user_290,MOBA,32.0,247.0,14066.0,Gold,650.0,0.79,101.0,,59.0,,433.0,14.0,,Active
,,46.0,141.0,,,,0.31,468.0,Sometimes,12.0,PC,494.0,81.0,No,Active
user_292,MOBA,21.0,,7839.0,Gold,1446.0,0.92,92.0,Never,,,278.0,86.0,No,Active
user_293,RPG,28.0,895.0,2162.0,Gold,393.0,0.33,491.0,Never,48.0,Console,,68.0,Yes,Inactive
user_294,FPS,33.0,822.0,17869.0,Gold,1258.0,0.07,315.0,,55.0,,211.0,26.0,,Inactive
user_295,MOBA,41.0,221.0,13913.0,Gold,1353.0,0.99,101.0,,8.0,Mobile,152.0,96.0,Yes,Inactive
user_296,,51.0,736.0,19004.0,Silver,1735.0,0.87,492.0,Sometimes,41.0,Mobile,304.0,65.0,,Active
user_297,,46.0,865.0,964.0,,324.0,0.47,250.0,Often,,Mobile,424.0,58.0,Yes,Active
user_298,RPG,73.0,183.0,10739.0,Bronze,150.0,0.67,23.0,Sometimes,42.0,PC,457.0,27.0,Yes,Active
user_299,MOBA,50.0,363.0,2673.0,,1569.0,,484.0,,21.0,,492.0,23.0,,Active
user_300,MOBA,44.0,816.0,5293.0,Platinum,1659.0,0.19,476.0,Often,31.0,,41.0,50.0,Yes,Active
user_301,,74.0,993.0,1718.0,Platinum,878.0,0.2,478.0,Sometimes,46.0,,165.0,20.0,No,Inactive
user_302,MOBA,33.0,187.0,10624.0,,1055.0,10.0,364.0,,1.0,Console,470.0,30.0,No,
user_303,,20.0,112.0,1228.0,Gold,271.0,0.91,499.0,,58.0,PC,387.0,74.0,,Active
user_304,FPS,,180.0,10602.0,,835.0,0.01,166.0,Sometimes,20.0,PC,279.0,49.0,Yes,Active
user_305,RPG,53.0,198.0,1840.0,Bronze,1845.0,0.78,139.0,Often,27.0,,439.0,91.0,No,Inactive
user_306,MOBA,24.0,901.0,16881.0,Gold,1659.0,0.06,93.0,Often,51.0,PC,292.0,39.0,,Inactive
user_307,RPG,20.0,69.0,16920.0,,1947.0,0.48,180.0,Often,23.0,,110.0,67.0,,Inactive
user_308,Sports,,597.0,19689.0,,367.0,0.64,63.0,Often,23.0,,26.0,15.0,,Active
user_309,Sports,57.0,903.0,7124.0,Silver,1515.0,2.0,3.0,Sometimes,13.0,,237.0,75.0,No,Active
user_310,MOBA,68.0,484.0,9356.0,Silver,1339.0,0.06,,Never,36.0,Mobile,126.0,85.0,No,Active
user_311,MOBA,70.0,398.0,18355.0,,589.0,0.42,388.0,,26.0,Console,133.0,98.0,No,Active
user_312,FPS,12.0,921.0,7587.0,Gold,587.0,0.58,271.0,,23.0,PC,314.0,62.0,No,Inactive
user_313,RPG,51.0,550.0,3527.0,Gold,571.0,0.07,282.0,Never,5.0,Console,221.0,55.0,Yes,Inactive
user_314,FPS,22.0,642.0,299.0,,1620.0,0.14,131.0,Often,25.0,Mobile,152.0,79.0,,Active
user_315,,,952.0,18770.0,Bronze,1391.0,0.66,71.0,Never,53.0,PC,62.0,23.0,,Inactive
user_316,MOBA,5.0,9.0,,Bronze,79.0,0.52,303.0,Never,14.0,,423.0,98.0,Yes,Active
user_317,,19.0,2.0,3963.0,Gold,1909.0,0.16,391.0,Never,28.0,Console,241.0,27.0,No,
user_318,FPS,75.0,477.0,4687.0,,1195.0,0.54,,,35.0,Mobile,74.0,92.0,Yes,Active
user_319,MOBA,39.0,813.0,4171.0,Silver,257.0,0.91,173.0,,9.0,PC,,84.0,,Inactive
user_320,Sports,8.0,661.0,13067.0,Platinum,278.0,0.02,299.0,Never,27.0,PC,193.0,,No,Inactive
user_321,,49.0,66.0,3695.0,Silver,503.0,0.64,450.0,Never,,Console,246.0,30.0,Yes,Inactive
user_322,RPG,27.0,704.0,9112.0,Silver,1756.0,0.07,474.0,Never,50.0,Console,67.0,14.0,No,Active
user_323,,10.0,96.0,7242.0,Platinum,557.0,,51.0,Often,8.0,PC,489.0,41.0,Yes,Inactive
user_324,RPG,74.0,530.0,9941.0,Gold,490.0,0.15,289.0,Often,20.0,PC,,98.0,Yes,Active
user_325,Sports,55.0,995.0,2700.0,Silver,1608.0,0.42,445.0,Often,57.0,Mobile,449.0,49.0,,Active
user_326,RPG,78.0,317.0,17389.0,Platinum,565.0,0.8,236.0,,9.0,,189.0,85.0,,Inactive
user_327,FPS,,97.0,18085.0,,1862.0,0.28,276.0,Sometimes,3.0,,263.0,4.0,No,Active
user_328,RPG,24.0,56.0,19686.0,,1756.0,0.63,490.0,Never,53.0,Mobile,233.0,47.0,No,Active
user_329,RPG,18.0,862.0,13339.0,,1916.0,0.41,279.0,Never,3.0,PC,227.0,,Yes,Active
user_330,,30.0,106.0,15834.0,Gold,1360.0,0.23,43.0,Sometimes,5.0,Console,103.0,31.0,,Active
user_331,Sports,49.0,87.0,19750.0,Silver,520.0,0.51,369.0,Never,25.0,Console,251.0,66.0,,Inactive
user_332,RPG,62.0,971.0,11084.0,Silver,325.0,0.8,253.0,Often,39.0,PC,49.0,78.0,Yes,Active
user_333,FPS,46.0,,3162.0,Bronze,1195.0,0.83,424.0,Often,15.0,Mobile,403.0,90.0,,Inactive
user_334,,0.0,655.0,8306.0,,83.0,0.85,412.0,Sometimes,7.0,PC,277.0,90.0,,Active
user_335,Sports,57.0,911.0,13137.0,Gold,1865.0,0.34,358.0,Often,27.0,Console,403.0,29.0,Yes,Active
user_336,Sports,9.0,370.0,2137.0,Platinum,840.0,0.79,133.0,Sometimes,15.0,PC,9.0,5.0,No,Active
user_337,MOBA,7.0,374.0,16414.0,Gold,1547.0,0.21,55.0,Often,37.0,PC,474.0,24.0,,Active
user_338,FPS,25.0,51.0,5948.0,Silver,1504.0,0.74,13.0,Never,48.0,Mobile,434.0,27.0,No,Active
user_339,,33.0,723.0,14693.0,,1567.0,0.95,177.0,,0.0,,15.0,61.0,Yes,Active
,,18.0,40.0,16099.0,Bronze,1441.0,0.01,461.0,Often,18.0,Console,452.0,21.0,No,Active
user_341,FPS,77.0,815.0,16210.0,Gold,1362.0,0.44,100.0,Sometimes,49.0,Console,352.0,67.0,Yes,Active
user_342,Sports,71.0,90.0,18189.0,Bronze,1824.0,0.65,179.0,,16.0,PC,402.0,14.0,Yes,Active
user_343,RPG,0.0,38.0,3569.0,Silver,319.0,0.7,471.0,Never,48.0,Console,43.0,25.0,,Inactive
user_344,FPS,47.0,12.0,12977.0,Platinum,303.0,0.18,460.0,,27.0,Console,455.0,62.0,,Inactive
user_345,,24.0,899.0,11620.0,Gold,,0.97,256.0,Sometimes,43.0,,443.0,17.0,No,Active
user_346,FPS,23.0,607.0,456.0,Silver,689.0,0.62,267.0,Never,11.0,Console,46.0,72.0,Yes,Active
user_347,Sports,46.0,620.0,16832.0,,1137.0,0.16,370.0,,5.0,Console,207.0,62.0,No,Active
user_348,MOBA,68.0,103.0,67.0,Gold,406.0,0.02,361.0,Often,6.0,Mobile,98.0,61.0,No,Inactive
user_349,MOBA,66.0,865.0,1862.0,Bronze,1049.0,0.78,407.0,,7.0,Mobile,490.0,67.0,,Inactive
user_350,RPG,31.0,742.0,18186.0,Gold,1260.0,0.08,36.0,Often,2.0,Mobile,9.0,47.0,No,Inactive
user_351,RPG,16.0,42.0,12754.0,,1333.0,0.14,467.0,Never,48.0,Mobile,56.0,,No,
user_352,Sports,60.0,208.0,11623.0,Silver,683.0,0.57,453.0,Often,20.0,Mobile,154.0,62.0,,Active
user_353,RPG,68.0,599.0,7554.0,Bronze,232.0,,203.0,Often,7.0,,209.0,68.0,No,Inactive
user_354,MOBA,10.0,604.0,8319.0,Silver,1021.0,0.69,468.0,Sometimes,27.0,Console,304.0,5.0,No,Active
user_355,Sports,37.0,685.0,5895.0,Gold,548.0,,258.0,Often,58.0,PC,375.0,57.0,,
user_356,Sports,67.0,475.0,13020.0,Bronze,1288.0,0.77,154.0,Never,29.0,,473.0,50.0,No,Inactive
user_357,Sports,,637.0,12202.0,Silver,1036.0,0.97,237.0,Often,31.0,PC,191.0,11.0,,Active
user_358,,16.0,108.0,5515.0,Silver,495.0,0.27,308.0,Never,,Mobile,489.0,94.0,,Inactive
user_359,RPG,12.0,558.0,367.0,Gold,1339.0,0.7,99.0,Never,19.0,Console,157.0,46.0,Yes,Inactive
user_360,,0.0,213.0,15640.0,Silver,617.0,0.93,272.0,Sometimes,49.0,Mobile,387.0,8.0,,Active
user_361,MOBA,1.0,603.0,15461.0,Gold,1661.0,0.69,112.0,Never,15.0,,120.0,6.0,,Inactive
user_362,RPG,65.0,692.0,14897.0,,847.0,,109.0,Never,24.0,PC,153.0,28.0,,Active
user_363,MOBA,67.0,408.0,,Gold,1005.0,,142.0,Sometimes,59.0,Console,224.0,77.0,No,Inactive
user_364,RPG,15.0,552.0,58.0,Platinum,383.0,0.54,166.0,Never,44.0,,196.0,50.0,Yes,Active
user_365,,3.0,770.0,8294.0,Silver,1016.0,0.56,259.0,Sometimes,8.0,,237.0,83.0,Yes,Active
,MOBA,56.0,632.0,4507.0,,641.0,0.7,144.0,,50.0,Console,328.0,54.0,Yes,Active
user_367,,72.0,76.0,17169.0,Bronze,315.0,1.0,229.0,,38.0,Console,225.0,95.0,Yes,Active
user_368,MOBA,22.0,94.0,14752.0,Platinum,255.0,0.03,394.0,,48.0,,51.0,58.0,,Inactive
user_369,FPS,1.0,268.0,15475.0,Bronze,440.0,0.07,,Never,39.0,PC,131.0,55.0,No,Inactive
user_370,FPS,66.0,360.0,,Platinum,1138.0,0.08,494.0,,39.0,PC,295.0,,,Active
user_371,MOBA,25.0,529.0,14334.0,,298.0,0.74,31.0,Sometimes,2.0,,219.0,99.0,,Active
user_372,MOBA,6.0,804.0,18830.0,,914.0,0.14,,,15.0,,11.0,17.0,,Active
user_373,,43.0,,15114.0,,1147.0,0.62,427.0,Sometimes,11.0,Mobile,188.0,57.0,,Inactive
user_374,Sports,32.0,161.0,16035.0,Platinum,255.0,0.32,298.0,,14.0,Mobile,120.0,39.0,Yes,Inactive
user_375,MOBA,63.0,464.0,18749.0,Gold,650.0,0.46,218.0,,52.0,PC,56.0,88.0,Yes,Active
,RPG,35.0,822.0,4701.0,Bronze,1741.0,0.22,176.0,Never,3.0,Mobile,370.0,,No,Inactive
user_377,RPG,3.0,563.0,7417.0,Gold,46.0,0.87,103.0,Sometimes,22.0,PC,50.0,55.0,,Active
user_378,RPG,22.0,980.0,9558.0,Gold,1752.0,0.59,235.0,Never,26.0,Console,397.0,34.0,Yes,Inactive
user_379,FPS,24.0,547.0,11057.0,,1854.0,0.94,92.0,Sometimes,38.0,Mobile,446.0,25.0,No,Active
user_380,,73.0,,9214.0,Bronze,902.0,0.57,200.0,Sometimes,42.0,PC,27.0,67.0,,Active
user_381,FPS,26.0,186.0,11322.0,Platinum,462.0,0.12,298.0,Often,55.0,PC,135.0,83.0,,Active
user_382,RPG,50.0,881.0,15886.0,Silver,1373.0,0.17,386.0,,36.0,,131.0,33.0,Yes,Inactive
user_383,MOBA,78.0,759.0,11036.0,Silver,1146.0,0.99,230.0,Never,12.0,PC,449.0,75.0,,Active
user_384,RPG,68.0,51.0,14060.0,,30.0,0.73,,Often,42.0,Mobile,269.0,15.0,,Inactive
user_385,MOBA,79.0,,,Platinum,54.0,0.05,254.0,Sometimes,36.0,,313.0,41.0,Yes,Inactive
user_386,,22.0,530.0,13607.0,Gold,152.0,0.7,84.0,,39.0,,200.0,4.0,No,Active
user_387,Sports,,395.0,2334.0,Gold,455.0,0.41,34.0,Never,20.0,Mobile,,60.0,No,Active
user_388,MOBA,32.0,91.0,16096.0,Gold,285.0,0.31,116.0,Often,28.0,Console,477.0,43.0,Yes,Active
user_389,FPS,34.0,650.0,19773.0,,35.0,0.15,175.0,Sometimes,28.0,Mobile,458.0,34.0,Yes,
user_390,RPG,49.0,815.0,202.0,Gold,817.0,0.84,457.0,Often,48.0,Mobile,52.0,90.0,No,Inactive
user_391,RPG,23.0,356.0,230.0,Bronze,1933.0,0.06,470.0,Sometimes,10.0,,383.0,0.0,No,Inactive
user_392,RPG,23.0,731.0,11320.0,Gold,1820.0,0.29,422.0,Sometimes,50.0,Mobile,86.0,97.0,Yes,Inactive
user_393,MOBA,18.0,610.0,11683.0,Gold,1946.0,5.0,472.0,,49.0,,113.0,42.0,Yes,Inactive
user_394,,38.0,747.0,2962.0,Bronze,1908.0,0.16,407.0,Never,27.0,Console,267.0,31.0,Yes,Inactive
user_395,MOBA,60.0,718.0,2327.0,,255.0,0.51,275.0,,9.0,Console,359.0,62.0,,Inactive
user_396,FPS,24.0,143.0,2784.0,Silver,177.0,0.01,398.0,Never,4.0,,35.0,32.0,Yes,Active
user_397,RPG,24.0,198.0,,Platinum,1571.0,0.3,84.0,Never,,Mobile,362.0,94.0,,Active
user_398,MOBA,,814.0,803.0,,1277.0,0.93,116.0,Sometimes,56.0,PC,60.0,76.0,No,Active
user_399,RPG,31.0,322.0,12553.0,Gold,507.0,-0.2,361.0,Often,24.0,Mobile,484.0,65.0,No,Inactive
user_400,FPS,10.0,798.0,14582.0,Silver,1697.0,0.36,203.0,Never,32.0,Console,359.0,29.0,Yes,Active
user_401,Sports,68.0,331.0,,Platinum,20.0,0.47,145.0,Never,16.0,Mobile,193.0,9.0,Yes,Inactive
user_402,Sports,32.0,263.0,6396.0,Platinum,1829.0,0.56,443.0,Never,48.0,,480.0,22.0,No,Inactive
user_403,Sports,18.0,216.0,14810.0,Platinum,74.0,0.81,214.0,Never,32.0,,496.0,96.0,No,Inactive
user_404,RPG,15.0,700.0,16559.0,Bronze,718.0,0.19,104.0,Sometimes,24.0,,9.0,38.0,No,Inactive
user_405,MOBA,10.0,555.0,9636.0,Bronze,459.0,0.87,348.0,,32.0,PC,290.0,44.0,No,Active
user_406,RPG,74.0,433.0,15306.0,Silver,1201.0,0.76,296.0,Often,54.0,PC,282.0,28.0,Yes,Inactive
user_407,,73.0,802.0,12195.0,Gold,1405.0,0.72,355.0,Sometimes,53.0,,149.0,29.0,,Active
user_408,MOBA,68.0,459.0,5691.0,Silver,1060.0,0.09,68.0,Sometimes,8.0,Mobile,398.0,33.0,No,Inactive
user_409,FPS,54.0,700.0,3532.0,Gold,1994.0,0.02,486.0,Sometimes,26.0,Console,459.0,51.0,No,Active
user_410,Sports,24.0,502.0,,,1143.0,0.59,473.0,Never,24.0,,200.0,80.0,,Inactive
user_411,MOBA,76.0,468.0,17927.0,Platinum,1938.0,0.86,254.0,Often,3.0,Mobile,430.0,21.0,,Inactive
user_412,MOBA,33.0,985.0,10346.0,Platinum,629.0,0.58,230.0,Sometimes,8.0,Mobile,31.0,4.0,,Active
user_413,,11.0,950.0,13482.0,Bronze,0.0,1.2,202.0,Sometimes,,Mobile,131.0,10.0,Yes,Active
user_414,FPS,20.0,705.0,,,1744.0,0.09,361.0,Sometimes,14.0,Console,139.0,85.0,Yes,Active
user_415,,28.0,781.0,3413.0,,935.0,0.7,394.0,Never,,Console,27.0,31.0,Yes,Inactive
user_416,RPG,50.0,365.0,,Gold,310.0,0.72,247.0,Never,15.0,Console,335.0,23.0,Yes,Inactive
user_417,MOBA,22.0,771.0,9332.0,,1231.0,0.17,439.0,Sometimes,12.0,,121.0,10.0,Yes,Inactive
user_418,Sports,32.0,912.0,4807.0,,1177.0,0.03,,Never,13.0,,396.0,10.0,No,Active
user_419,,7.0,238.0,7386.0,Gold,761.0,0.41,395.0,Often,21.0,Console,12.0,16.0,Yes,Active
user_420,FPS,41.0,623.0,1940.0,Silver,682.0,0.58,248.0,Never,20.0,,105.0,31.0,No,Active
user_421,RPG,76.0,580.0,656.0,Gold,314.0,0.71,143.0,Sometimes,8.0,Console,265.0,82.0,Yes,Inactive
user_422,FPS,68.0,919.0,2503.0,Silver,306.0,0.81,,Often,54.0,,203.0,26.0,No,Inactive
user_423,FPS,40.0,560.0,17042.0,Gold,1527.0,0.61,355.0,Never,40.0,Mobile,90.0,31.0,,Active
user_424,FPS,73.0,,11030.0,Platinum,618.0,0.11,400.0,Sometimes,52.0,Console,232.0,60.0,,Inactive
user_425,Sports,62.0,966.0,13138.0,Silver,1678.0,0.68,240.0,,3.0,,390.0,24.0,No,Inactive
user_426,,13.0,662.0,14601.0,Bronze,1543.0,0.98,340.0,,9.0,Mobile,476.0,63.0,Yes,
user_427,Sports,61.0,750.0,15646.0,Silver,1629.0,0.91,374.0,Often,,Mobile,183.0,63.0,No,Active
user_428,MOBA,74.0,848.0,,Silver,1933.0,0.87,228.0,Often,52.0,,454.0,27.0,No,Active
user_429,Sports,45.0,395.0,14628.0,Gold,1120.0,0.3,30.0,Often,8.0,Mobile,244.0,39.0,Yes,Active
user_430,MOBA,66.0,394.0,6498.0,Platinum,1513.0,0.75,,Never,50.0,PC,16.0,90.0,,Inactive
user_431,RPG,52.0,626.0,13789.0,Gold,6.0,0.85,418.0,Often,47.0,Console,307.0,13.0,No,Active
user_432,RPG,51.0,74.0,19425.0,,1809.0,0.68,26.0,Never,15.0,Console,238.0,41.0,,Active
user_433,RPG,6.0,97.0,12195.0,Platinum,1035.0,0.25,342.0,Sometimes,48.0,Mobile,187.0,38.0,,Inactive
user_434,RPG,53.0,382.0,18722.0,Gold,,0.95,159.0,Never,17.0,,286.0,1.0,,Inactive
user_435,RPG,10.0,622.0,16494.0,Platinum,1969.0,0.45,16.0,Never,9.0,PC,362.0,80.0,No,Inactive
user_436,Sports,24.0,868.0,1718.0,,348.0,0.13,266.0,Sometimes,20.0,,380.0,0.0,No,Inactive
user_437,,58.0,369.0,125.0,Platinum,916.0,0.11,128.0,,50.0,Console,433.0,31.0,Yes,Active
user_438,Sports,65.0,,16046.0,,1030.0,0.65,219.0,Never,53.0,Mobile,194.0,82.0,Yes,Inactive
user_439,,26.0,255.0,19318.0,Platinum,499.0,0.44,81.0,,14.0,PC,330.0,63.0,No,Inactive
user_440,Sports,57.0,829.0,5917.0,Platinum,474.0,0.09,48.0,Sometimes,14.0,Mobile,219.0,77.0,Yes,Inactive
user_441,RPG,10.0,,10394.0,,523.0,0.74,40.0,Often,10.0,PC,262.0,30.0,,Inactive
user_442,FPS,54.0,628.0,17988.0,Platinum,1875.0,0.8,19.0,Sometimes,39.0,Mobile,30.0,57.0,,Inactive
user_443,,18.0,175.0,,Silver,1080.0,0.73,326.0,,53.0,,274.0,81.0,No,Inactive
user_444,FPS,38.0,227.0,2082.0,Gold,589.0,0.2,36.0,Often,47.0,Console,86.0,77.0,,Active
user_445,RPG,69.0,346.0,12134.0,Gold,1609.0,0.69,,,,Mobile,362.0,13.0,No,Active
user_446,,10.0,617.0,15058.0,Bronze,232.0,0.01,399.0,Never,,Mobile,189.0,87.0,No,Active
user_447,FPS,13.0,341.0,14301.0,Bronze,790.0,0.31,38.0,,46.0,PC,292.0,68.0,No,Active
user_448,Sports,59.0,895.0,5093.0,,1053.0,0.4,108.0,,53.0,,66.0,15.0,,Inactive
user_449,RPG,35.0,961.0,284.0,Silver,366.0,0.84,428.0,Sometimes,36.0,,375.0,68.0,,Inactive
,Sports,40.0,238.0,5566.0,Bronze,,0.39,63.0,Often,19.0,PC,466.0,53.0,No,Inactive
user_451,Sports,1.0,611.0,10757.0,Gold,1630.0,0.01,174.0,Never,33.0,,34.0,12.0,Yes,Active
user_452,RPG,56.0,687.0,8218.0,Bronze,1843.0,0.35,278.0,Never,21.0,Console,401.0,79.0,,Inactive
user_453,,59.0,349.0,18658.0,Bronze,55.0,0.5,31.0,Never,47.0,Mobile,428.0,78.0,No,Inactive
user_454,MOBA,19.0,954.0,3972.0,Platinum,9.0,0.95,432.0,Often,17.0,,35.0,30.0,Yes,Inactive
user_455,MOBA,21.0,454.0,13679.0,Bronze,1938.0,0.94,208.0,Often,15.0,,297.0,68.0,No,Inactive
user_456,RPG,3.0,440.0,11573.0,,146.0,0.18,378.0,,4.0,Console,177.0,20.0,,Active
user_457,MOBA,55.0,760.0,4113.0,Gold,363.0,0.19,18.0,,0.0,Console,106.0,29.0,,Inactive
user_458,FPS,57.0,587.0,14378.0,,1622.0,0.16,105.0,Often,18.0,,132.0,22.0,,Inactive
user_459,,64.0,514.0,10328.0,,252.0,0.79,481.0,Never,9.0,,90.0,37.0,No,Inactive
user_460,Sports,57.0,80.0,17673.0,Silver,1722.0,0.01,205.0,Often,20.0,PC,319.0,28.0,No,Active
,,29.0,360.0,10373.0,Platinum,939.0,0.13,246.0,Sometimes,12.0,,32.0,76.0,,Inactive
user_462,,75.0,,18895.0,,1768.0,0.54,322.0,,54.0,PC,126.0,,,Inactive
user_463,Sports,18.0,7.0,5720.0,Silver,1276.0,,166.0,Often,23.0,Mobile,255.0,61.0,No,Inactive
user_464,FPS,,86.0,17539.0,Gold,1466.0,0.09,88.0,Never,22.0,Console,65.0,90.0,Yes,Inactive
user_465,FPS,67.0,997.0,19172.0,Gold,735.0,0.36,315.0,,22.0,PC,407.0,97.0,,Inactive
user_466,RPG,78.0,285.0,5153.0,Silver,339.0,0.27,,Sometimes,10.0,Console,175.0,44.0,,Inactive
user_467,,43.0,398.0,6226.0,,1539.0,0.51,48.0,Sometimes,46.0,Mobile,447.0,48.0,Yes,Inactive
user_468,MOBA,60.0,73.0,2976.0,,1376.0,0.98,398.0,Sometimes,1.0,,,,No,Active
user_469,MOBA,20.0,438.0,5251.0,Platinum,623.0,0.12,383.0,Often,5.0,PC,329.0,3.0,,
user_470,,9.0,122.0,3499.0,Platinum,704.0,0.37,,Never,52.0,,304.0,17.0,Yes,Inactive
user_471,RPG,29.0,376.0,19297.0,Gold,1676.0,0.93,60.0,Often,10.0,Console,117.0,,,Inactive
user_472,,,805.0,16587.0,Platinum,322.0,0.88,170.0,,14.0,PC,198.0,63.0,Yes,Active
user_473,MOBA,47.0,142.0,18206.0,Silver,1163.0,0.39,142.0,Never,8.0,Mobile,398.0,27.0,,Active
user_474,MOBA,54.0,157.0,10736.0,Gold,860.0,0.7,,Sometimes,11.0,Mobile,435.0,57.0,No,Active
user_475,MOBA,51.0,429.0,8633.0,,1974.0,0.09,485.0,Often,57.0,,23.0,90.0,,Active
user_476,,37.0,447.0,6971.0,Gold,1468.0,0.71,462.0,Never,58.0,Mobile,344.0,89.0,,Inactive
user_477,RPG,66.0,409.0,9507.0,Bronze,94.0,0.97,200.0,Often,35.0,Mobile,97.0,55.0,,Inactive
user_478,FPS,7.0,370.0,13158.0,Gold,552.0,0.54,4.0,Never,27.0,,221.0,19.0,Yes,Inactive
user_479,FPS,28.0,108.0,11108.0,Platinum,1443.0,0.5,210.0,Sometimes,,,469.0,76.0,Yes,Inactive
user_480,MOBA,9.0,845.0,12077.0,Silver,1537.0,0.19,471.0,,26.0,PC,183.0,91.0,No,Inactive
user_481,RPG,68.0,706.0,4175.0,,789.0,,28.0,,23.0,PC,401.0,33.0,Yes,Active
user_482,RPG,74.0,35.0,2859.0,,,0.59,,Often,13.0,,195.0,86.0,,Active
user_483,Sports,67.0,,2962.0,Platinum,552.0,0.65,187.0,Sometimes,53.0,Console,497.0,9.0,No,Active
user_484,Sports,48.0,973.0,13616.0,Platinum,1374.0,0.03,324.0,Often,34.0,Console,404.0,93.0,Yes,Active
,,57.0,414.0,17751.0,Platinum,115.0,0.55,254.0,Often,26.0,PC,441.0,21.0,,Active
user_486,Sports,34.0,973.0,,Bronze,631.0,0.59,149.0,Never,20.0,PC,167.0,4.0,Yes,Inactive
user_487,,49.0,295.0,5210.0,Silver,1260.0,,12.0,Never,48.0,,104.0,43.0,,Active
user_488,FPS,39.0,841.0,2909.0,Bronze,269.0,0.21,433.0,Never,12.0,Console,191.0,8.0,,Active
user_489,MOBA,11.0,712.0,10408.0,Platinum,860.0,0.28,371.0,Sometimes,7.0,,299.0,42.0,No,Inactive
user_490,RPG,15.0,45.0,3405.0,Silver,290.0,,496.0,Sometimes,43.0,PC,71.0,3.0,No,Inactive
user_491,FPS,77.0,487.0,15993.0,Platinum,1457.0,0.61,430.0,Often,43.0,Mobile,,41.0,Yes,Inactive
user_492,FPS,47.0,618.0,14923.0,Silver,8.0,-0.5,365.0,Never,43.0,Mobile,236.0,64.0,No,Inactive
,,0.0,169.0,820.0,,1774.0,0.3,156.0,Sometimes,58.0,Mobile,193.0,97.0,Yes,Inactive
user_494,,64.0,145.0,,Bronze,629.0,0.91,79.0,Often,33.0,,54.0,40.0,No,Active
user_495,,21.0,867.0,19046.0,Platinum,863.0,0.74,355.0,Sometimes,41.0,Console,,63.0,No,Inactive
,FPS,14.0,419.0,14941.0,Platinum,1850.0,0.4,272.0,Often,22.0,PC,306.0,54.0,Yes,Inactive
user_497,RPG,66.0,971.0,11017.0,Gold,,0.1,147.0,,8.0,Console,312.0,89.0,No,Active
user_498,Sports,13.0,689.0,4453.0,,474.0,0.26,205.0,Never,0.0,Console,128.0,17.0,No,Active
user_499,,72.0,572.0,19513.0,Platinum,1545.0,0.96,113.0,,35.0,PC,161.0,15.0,No,Inactive
user_500,FPS,18.0,935.0,12206.0,Bronze,536.0,0.31,5.0,,54.0,Console,265.0,86.0,No,Inactive
user_501,Sports,39.0,2.0,13710.0,,684.0,0.33,277.0,,45.0,Mobile,,45.0,Yes,Active
user_502,Sports,3.0,593.0,14860.0,Platinum,1760.0,0.19,,Never,15.0,PC,334.0,,,Inactive
user_503,FPS,32.0,262.0,8086.0,Bronze,1034.0,0.81,136.0,Never,24.0,Mobile,355.0,89.0,Yes,Inactive
user_504,MOBA,,798.0,15776.0,Gold,612.0,0.28,159.0,Often,17.0,,335.0,65.0,Yes,Inactive
user_505,FPS,,320.0,18050.0,,,0.33,343.0,Sometimes,,Mobile,260.0,43.0,Yes,Inactive
user_506,RPG,65.0,606.0,7389.0,Bronze,1926.0,0.41,288.0,Never,37.0,,469.0,4.0,No,Inactive
user_507,Sports,26.0,575.0,19784.0,,1350.0,0.43,204.0,Often,2.0,,428.0,28.0,,Active
user_508,RPG,44.0,245.0,11774.0,Bronze,1953.0,0.41,482.0,Never,19.0,PC,493.0,3.0,,Active
user_509,,49.0,588.0,2200.0,Bronze,,0.5,325.0,Never,18.0,Mobile,204.0,98.0,No,Inactive
user_510,Sports,62.0,476.0,12142.0,Gold,275.0,0.81,304.0,,12.0,Mobile,376.0,85.0,,
user_511,MOBA,5.0,258.0,17367.0,Gold,369.0,0.82,359.0,,16.0,Mobile,390.0,,,Active
user_512,FPS,66.0,92.0,6051.0,Gold,1513.0,0.8,157.0,Sometimes,13.0,PC,72.0,71.0,No,Active
user_513,,66.0,802.0,4115.0,Platinum,344.0,0.1,357.0,Never,29.0,,450.0,84.0,,Active
user_514,RPG,58.0,782.0,19024.0,Platinum,1796.0,0.8,399.0,,21.0,,84.0,7.0,Yes,Inactive
user_515,,12.0,,6371.0,Silver,367.0,0.12,448.0,Often,42.0,,237.0,,Yes,Active
user_516,MOBA,20.0,573.0,19801.0,Platinum,1756.0,0.12,105.0,Never,47.0,PC,190.0,68.0,Yes,Inactive
user_517,FPS,63.0,338.0,6587.0,,1334.0,0.95,81.0,Never,42.0,PC,109.0,20.0,,Inactive
user_518,,36.0,923.0,,,730.0,0.82,341.0,Sometimes,28.0,Console,473.0,26.0,,Inactive
user_519,RPG,79.0,259.0,15234.0,Gold,1624.0,0.55,473.0,Sometimes,49.0,Mobile,329.0,37.0,Yes,Inactive
user_520,,47.0,,13930.0,Bronze,1508.0,0.87,269.0,Sometimes,1.0,,446.0,4.0,No,Inactive
user_521,FPS,55.0,140.0,9080.0,Gold,14.0,0.99,439.0,Often,54.0,Console,423.0,84.0,Yes,Active
user_522,,43.0,974.0,1883.0,Bronze,757.0,0.61,420.0,,52.0,Console,146.0,60.0,No,Active
user_523,RPG,12.0,946.0,,Gold,687.0,0.61,48.0,Sometimes,7.0,Mobile,403.0,7.0,No,Active
user_524,FPS,3.0,943.0,3822.0,Gold,3.0,0.75,205.0,Often,,PC,394.0,85.0,,Active
user_525,MOBA,72.0,678.0,8338.0,,1869.0,0.23,217.0,Sometimes,33.0,Console,276.0,17.0,,Inactive
user_526,MOBA,32.0,479.0,18100.0,Bronze,1399.0,0.17,305.0,Often,12.0,PC,347.0,3.0,No,Active
user_527,Sports,36.0,578.0,,Silver,,0.76,163.0,Never,9.0,PC,128.0,3.0,No,Active
user_528,,52.0,349.0,13135.0,Silver,1488.0,0.34,435.0,Often,7.0,Mobile,227.0,36.0,No,Active
user_529,RPG,23.0,569.0,9655.0,Gold,532.0,0.14,278.0,Never,6.0,Console,494.0,14.0,,Active
user_530,,50.0,723.0,10437.0,Gold,1743.0,,321.0,Often,12.0,,178.0,37.0,Yes,Active
user_531,FPS,40.0,129.0,15332.0,,985.0,0.36,230.0,,25.0,Console,195.0,26.0,No,Active
user_532,Sports,28.0,536.0,9502.0,Bronze,1160.0,0.97,198.0,Often,55.0,,144.0,84.0,,Inactive
user_533,RPG,58.0,10.0,368.0,Gold,833.0,0.7,,Never,58.0,,301.0,47.0,Yes,Inactive
user_534,,39.0,256.0,19233.0,Silver,362.0,0.53,428.0,,31.0,PC,123.0,45.0,,Active
user_535,,50.0,815.0,13598.0,Bronze,1998.0,0.97,370.0,Often,18.0,,279.0,45.0,Yes,Inactive
user_536,FPS,49.0,368.0,2747.0,Gold,1954.0,0.9,213.0,Often,55.0,Mobile,80.0,47.0,,Inactive
user_537,,35.0,943.0,7562.0,,1239.0,0.51,283.0,Sometimes,14.0,Console,113.0,58.0,Yes,Inactive
user_538,RPG,78.0,393.0,7139.0,,1391.0,0.91,485.0,,53.0,PC,123.0,3.0,No,Inactive
user_539,FPS,59.0,592.0,10010.0,Silver,116.0,0.4,275.0,Never,1.0,PC,465.0,74.0,,Inactive
user_540,MOBA,17.0,797.0,6704.0,Bronze,1202.0,0.23,432.0,,53.0,,373.0,18.0,Yes,Active
user_541,RPG,19.0,418.0,1887.0,Silver,1269.0,0.23,184.0,Never,36.0,PC,262.0,,Yes,Inactive
,Sports,4.0,881.0,11975.0,Gold,127.0,,209.0,Sometimes,18.0,Mobile,24.0,18.0,Yes,Inactive
user_543,RPG,17.0,18.0,16443.0,Platinum,,0.5,120.0,Sometimes,32.0,,123.0,90.0,No,Active
user_544,RPG,39.0,109.0,544.0,Bronze,77.0,0.66,215.0,,38.0,PC,355.0,41.0,,Inactive
user_545,FPS,0.0,436.0,19448.0,Silver,740.0,0.69,96.0,Never,49.0,PC,141.0,91.0,Yes,Inactive
user_546,,18.0,,13555.0,Bronze,1316.0,,442.0,Never,32.0,Mobile,,4.0,No,Active
user_547,,25.0,33.0,17614.0,Gold,773.0,0.05,118.0,Sometimes,0.0,,259.0,47.0,No,Inactive
user_548,RPG,28.0,287.0,14813.0,Gold,81.0,0.53,364.0,,38.0,PC,,24.0,No,Active
user_549,Sports,58.0,843.0,13333.0,Silver,341.0,0.19,281.0,Sometimes,27.0,,171.0,66.0,No,Inactive
user_550,Sports,62.0,254.0,16942.0,,1361.0,0.63,402.0,Often,16.0,PC,169.0,25.0,,Inactive
user_551,FPS,61.0,637.0,14684.0,,818.0,0.55,495.0,Sometimes,56.0,Mobile,33.0,73.0,No,Active
user_552,RPG,47.0,720.0,8861.0,Bronze,577.0,0.59,105.0,Often,5.0,PC,471.0,87.0,No,Inactive
user_553,RPG,61.0,133.0,17454.0,Gold,95.0,0.3,396.0,Often,51.0,PC,39.0,61.0,,Active
user_554,,17.0,498.0,1050.0,Bronze,1168.0,0.64,457.0,Sometimes,43.0,PC,,92.0,,Inactive
user_555,FPS,65.0,396.0,14292.0,Silver,576.0,0.83,317.0,Sometimes,19.0,Mobile,298.0,6.0,No,Inactive
user_556,MOBA,26.0,486.0,15756.0,Platinum,520.0,1.0,381.0,Sometimes,46.0,Mobile,94.0,43.0,Yes,Inactive
user_557,Sports,5.0,,4022.0,Gold,1420.0,0.84,141.0,,12.0,Mobile,207.0,86.0,Yes,Inactive
user_558,Sports,69.0,586.0,8336.0,Platinum,995.0,,456.0,Sometimes,11.0,Console,232.0,26.0,,Active
,RPG,58.0,,2634.0,Bronze,356.0,0.19,394.0,Never,29.0,Console,423.0,41.0,No,Inactive
user_560,FPS,5.0,646.0,7288.0,,185.0,0.68,322.0,Sometimes,20.0,Console,72.0,72.0,Yes,Inactive
user_561,MOBA,30.0,812.0,8992.0,Silver,1693.0,0.94,487.0,Often,1.0,Console,135.0,55.0,,Active
user_562,Sports,55.0,684.0,1485.0,,542.0,0.21,267.0,,52.0,Mobile,369.0,2.0,,Active
user_563,FPS,,212.0,19207.0,Silver,150.0,0.26,290.0,,17.0,,115.0,12.0,,Active
user_564,MOBA,40.0,832.0,17056.0,Bronze,1342.0,0.15,486.0,Often,27.0,Mobile,16.0,69.0,,Inactive
user_565,RPG,17.0,,12166.0,Bronze,1777.0,0.74,365.0,,3.0,Console,292.0,58.0,No,Active
user_566,,22.0,18.0,17798.0,Bronze,1691.0,0.41,166.0,,41.0,,179.0,37.0,,Active
user_567,Sports,35.0,118.0,3894.0,Gold,1082.0,0.06,159.0,Never,42.0,,323.0,84.0,,Active
user_568,Sports,24.0,814.0,3846.0,Platinum,9.0,0.87,230.0,Never,52.0,Mobile,158.0,82.0,Yes,Active
user_569,MOBA,6.0,301.0,14481.0,,856.0,0.56,13.0,,5.0,PC,47.0,88.0,,Inactive
user_570,,19.0,284.0,9386.0,Platinum,1147.0,0.33,491.0,Sometimes,37.0,Console,367.0,67.0,,Inactive
,FPS,4.0,226.0,18408.0,Platinum,355.0,0.34,192.0,,8.0,PC,209.0,85.0,,Inactive
,RPG,17.0,506.0,17741.0,Silver,1369.0,0.29,154.0,Never,19.0,PC,176.0,68.0,Yes,Active
user_573,FPS,,500.0,14996.0,Gold,793.0,0.46,100.0,,44.0,PC,298.0,0.0,Yes,Active
,MOBA,78.0,211.0,8048.0,Gold,236.0,0.34,59.0,Sometimes,29.0,Console,289.0,49.0,,Active
user_575,Sports,34.0,355.0,,Bronze,332.0,,42.0,,36.0,Mobile,315.0,80.0,Yes,Inactive
,Sports,64.0,700.0,6490.0,Platinum,16.0,0.77,192.0,Never,37.0,Console,56.0,72.0,Yes,Active
user_577,FPS,62.0,486.0,1945.0,,1447.0,0.67,310.0,,,Console,119.0,8.0,No,
user_578,RPG,71.0,320.0,16791.0,Silver,323.0,0.29,108.0,Never,37.0,Mobile,23.0,52.0,,Inactive
user_579,MOBA,70.0,662.0,4228.0,Gold,22.0,0.53,92.0,Often,49.0,Mobile,39.0,87.0,,Inactive
user_580,RPG,40.0,222.0,11945.0,Bronze,930.0,0.84,215.0,Never,59.0,Mobile,52.0,9.0,No,Inactive
user_581,MOBA,49.0,639.0,8805.0,,458.0,0.07,464.0,Never,12.0,,237.0,83.0,No,Inactive
user_582,RPG,29.0,,7131.0,Platinum,1483.0,0.08,162.0,Never,54.0,,223.0,80.0,Yes,Inactive
user_583,FPS,37.0,562.0,2218.0,,520.0,0.56,350.0,,34.0,Mobile,114.0,76.0,No,Active
user_584,,34.0,190.0,14975.0,Gold,718.0,0.64,233.0,Often,29.0,,258.0,28.0,,Active
,MOBA,65.0,994.0,15609.0,Silver,556.0,0.21,415.0,,41.0,,192.0,35.0,,Active
user_586,FPS,45.0,499.0,7711.0,Platinum,1444.0,0.75,402.0,Sometimes,3.0,Console,35.0,86.0,,Inactive
user_587,Sports,7.0,494.0,11991.0,Silver,1988.0,0.65,350.0,Often,24.0,Console,263.0,26.0,Yes,Inactive
user_588,Sports,67.0,236.0,12105.0,,402.0,0.92,166.0,,30.0,,167.0,17.0,Yes,Inactive
user_589,RPG,36.0,21.0,16877.0,,,0.17,147.0,Never,46.0,Console,348.0,,,Inactive
user_590,,12.0,621.0,15238.0,Bronze,456.0,0.75,27.0,Never,11.0,Mobile,312.0,8.0,,Active
user_591,,,326.0,3868.0,Platinum,1506.0,,258.0,,14.0,Console,75.0,66.0,Yes,Active
user_592,MOBA,44.0,544.0,11526.0,,1521.0,0.57,415.0,Sometimes,52.0,,311.0,6.0,Yes,Active
user_593,RPG,28.0,126.0,10060.0,Gold,1050.0,0.55,85.0,Often,56.0,PC,60.0,57.0,No,Active
user_594,MOBA,40.0,364.0,5433.0,Gold,396.0,0.39,107.0,Often,25.0,,103.0,78.0,Yes,Active
user_595,MOBA,55.0,867.0,,Silver,1976.0,0.84,441.0,,57.0,Console,25.0,29.0,Yes,Active
,,15.0,43.0,1352.0,Gold,1211.0,0.0,437.0,Sometimes,9.0,PC,389.0,72.0,,Active
user_597,Sports,11.0,518.0,8236.0,,139.0,0.52,425.0,Often,11.0,,112.0,60.0,,Active
user_598,MOBA,65.0,127.0,18764.0,Gold,520.0,0.22,,,57.0,PC,57.0,90.0,,Inactive
user_599,,61.0,602.0,4560.0,Platinum,745.0,0.74,363.0,Sometimes,21.0,Console,10.0,99.0,No,Active
user_600,,18.0,129.0,16583.0,Silver,91.0,0.04,14.0,Sometimes,39.0,,235.0,81.0,Yes,
user_601,Sports,29.0,528.0,15560.0,Platinum,76.0,0.83,485.0,Often,52.0,Mobile,,94.0,No,Inactive
user_602,Sports,15.0,320.0,4424.0,,851.0,0.84,210.0,Often,,,86.0,,Yes,Inactive
user_603,RPG,12.0,185.0,7847.0,,1267.0,0.83,317.0,Sometimes,34.0,,450.0,52.0,Yes,Active
user_604,RPG,68.0,621.0,14195.0,Gold,844.0,0.15,30.0,Often,6.0,,221.0,,,Active
user_605,RPG,22.0,797.0,4797.0,Bronze,666.0,0.63,444.0,,17.0,,339.0,38.0,Yes,Inactive
user_606,Sports,61.0,981.0,14309.0,Bronze,1753.0,0.01,281.0,Sometimes,26.0,Console,,24.0,No,Inactive
user_607,MOBA,30.0,347.0,19152.0,,958.0,0.85,452.0,Often,59.0,Console,356.0,41.0,,Inactive
,FPS,52.0,480.0,2407.0,,988.0,0.72,184.0,Often,34.0,Console,366.0,41.0,No,Active
user_609,RPG,16.0,921.0,3791.0,Silver,796.0,0.53,403.0,,46.0,Console,245.0,58.0,,Inactive
user_610,FPS,48.0,674.0,19677.0,,1685.0,0.73,65.0,Often,1.0,Mobile,,37.0,,Active
user_611,,48.0,958.0,19230.0,,1864.0,0.09,404.0,Often,31.0,Console,86.0,30.0,Yes,Inactive
user_612,Sports,66.0,586.0,6508.0,Silver,87.0,0.53,370.0,Often,14.0,,291.0,28.0,No,Active
user_613,,,710.0,14407.0,Platinum,1641.0,0.29,315.0,Never,44.0,PC,196.0,8.0,Yes,Inactive
user_614,RPG,12.0,923.0,19695.0,Platinum,914.0,0.97,62.0,,23.0,Mobile,417.0,0.0,,Active
user_615,,37.0,920.0,9629.0,Silver,1317.0,0.86,434.0,,19.0,Mobile,147.0,79.0,Yes,Inactive
user_616,RPG,21.0,956.0,126.0,Silver,94.0,0.73,227.0,Never,9.0,PC,318.0,86.0,Yes,Inactive
user_617,FPS,28.0,360.0,9812.0,Platinum,1276.0,0.93,475.0,,55.0,Console,283.0,71.0,,Active
user_618,RPG,44.0,286.0,,Platinum,,0.35,467.0,Often,,Console,426.0,46.0,Yes,Active
user_619,MOBA,45.0,181.0,3319.0,Platinum,398.0,0.9,100.0,Often,23.0,,,75.0,,Active
user_620,MOBA,38.0,,8673.0,Platinum,766.0,0.33,422.0,Often,23.0,Console,463.0,9.0,No,Inactive
user_621,Sports,68.0,96.0,5431.0,Gold,1077.0,0.73,355.0,,39.0,Console,275.0,15.0,No,Inactive
,Sports,,562.0,4378.0,Silver,1951.0,0.74,138.0,,47.0,,91.0,46.0,Yes,Inactive
user_623,MOBA,67.0,313.0,18505.0,Bronze,242.0,0.02,118.0,Sometimes,59.0,Console,7.0,42.0,No,Inactive
,,38.0,545.0,,Gold,1133.0,0.36,56.0,Never,56.0,PC,215.0,23.0,Yes,Inactive
user_625,FPS,19.0,954.0,11012.0,Bronze,1789.0,0.02,130.0,,47.0,,5.0,7.0,Yes,Active
user_626,RPG,76.0,20.0,6490.0,Bronze,623.0,1.0,36.0,Sometimes,33.0,PC,476.0,74.0,Yes,Active
user_627,Sports,67.0,695.0,10563.0,,1709.0,0.12,467.0,Never,40.0,PC,79.0,25.0,Yes,Inactive
user_628,FPS,34.0,804.0,16622.0,Silver,700.0,0.54,479.0,Never,39.0,PC,482.0,6.0,,Inactive
user_629,RPG,7.0,575.0,,Gold,1244.0,0.79,110.0,Often,10.0,Console,399.0,78.0,No,Active
user_630,Sports,51.0,496.0,14672.0,Silver,1784.0,0.2,152.0,Often,25.0,Console,,14.0,No,Inactive
user_631,FPS,39.0,402.0,340.0,Platinum,563.0,0.49,404.0,Sometimes,0.0,Mobile,235.0,47.0,Yes,Active
user_632,,35.0,123.0,,Silver,161.0,0.61,249.0,Sometimes,29.0,,453.0,2.0,,
user_633,,,612.0,7520.0,Bronze,1992.0,0.16,241.0,Often,52.0,,80.0,15.0,Yes,Active
user_634,Sports,69.0,118.0,11185.0,Platinum,34.0,0.78,207.0,Often,42.0,Mobile,264.0,78.0,No,
user_635,FPS,72.0,852.0,4987.0,,965.0,0.3,367.0,Never,17.0,PC,29.0,88.0,No,Active
user_636,RPG,15.0,589.0,12749.0,Silver,36.0,0.21,169.0,Never,25.0,,204.0,96.0,,
user_637,RPG,45.0,969.0,5412.0,Bronze,845.0,0.56,256.0,,52.0,Mobile,467.0,13.0,Yes,Active
user_638,FPS,58.0,692.0,19862.0,Platinum,828.0,0.41,278.0,Often,46.0,PC,431.0,87.0,,Inactive
user_639,,37.0,710.0,7670.0,Bronze,622.0,0.92,362.0,Never,55.0,Mobile,98.0,74.0,Yes,Active
user_640,FPS,,476.0,18879.0,Silver,1393.0,0.88,112.0,Sometimes,8.0,Console,428.0,2.0,,Inactive
user_641,,11.0,958.0,13766.0,,1200.0,0.48,407.0,Never,8.0,Console,,72.0,,Active
user_642,,53.0,871.0,8323.0,Gold,,0.36,174.0,Often,0.0,PC,112.0,69.0,,Inactive
user_643,RPG,46.0,701.0,1857.0,,1298.0,0.33,88.0,Never,6.0,PC,359.0,30.0,No,Inactive
user_644,Sports,0.0,,14455.0,Gold,1656.0,0.27,134.0,Often,43.0,Console,473.0,79.0,No,Active
user_645,MOBA,14.0,102.0,504.0,Platinum,104.0,0.54,293.0,Never,58.0,,99.0,74.0,Yes,Active
user_646,FPS,79.0,332.0,7467.0,,155.0,0.8,494.0,,55.0,,360.0,16.0,,Active
,,20.0,877.0,18540.0,,335.0,0.31,302.0,,41.0,Console,95.0,48.0,,Inactive
user_648,FPS,0.0,786.0,8484.0,Gold,1049.0,0.19,358.0,Sometimes,50.0,,48.0,2.0,,Active
user_649,Sports,66.0,458.0,11842.0,Gold,1957.0,0.48,418.0,Sometimes,15.0,Console,460.0,82.0,,Active
user_650,Sports,11.0,129.0,4923.0,Silver,295.0,0.07,205.0,Often,37.0,Mobile,447.0,87.0,Yes,Inactive
user_651,MOBA,27.0,752.0,9251.0,Platinum,1560.0,0.7,317.0,Often,10.0,Mobile,388.0,54.0,Yes,Active
user_652,MOBA,38.0,133.0,15920.0,Bronze,1378.0,0.52,72.0,Often,50.0,Mobile,27.0,71.0,Yes,Active
user_653,,36.0,156.0,10495.0,Silver,885.0,0.5,258.0,Never,24.0,,194.0,99.0,No,Inactive
user_654,MOBA,59.0,424.0,13319.0,Platinum,68.0,0.3,357.0,Never,28.0,Mobile,27.0,39.0,No,Active
user_655,,30.0,,19179.0,,1350.0,0.9,147.0,Never,18.0,PC,238.0,65.0,No,Inactive
user_656,RPG,57.0,388.0,9393.0,Platinum,150.0,0.09,488.0,Sometimes,17.0,PC,190.0,86.0,,Active
user_657,,10.0,936.0,6900.0,,,0.87,224.0,Often,56.0,Mobile,315.0,39.0,No,Inactive
user_658,MOBA,28.0,317.0,2160.0,,576.0,0.38,104.0,Never,,PC,421.0,,,Inactive
,FPS,12.0,,16236.0,Gold,661.0,0.88,,Sometimes,58.0,,337.0,24.0,No,Active
user_660,,50.0,,6221.0,Bronze,,0.73,415.0,,28.0,Mobile,67.0,6.0,Yes,Inactive
user_661,Sports,53.0,870.0,10038.0,Platinum,756.0,0.1,355.0,Often,15.0,Console,107.0,91.0,Yes,Active
user_662,MOBA,18.0,189.0,19651.0,Bronze,451.0,0.83,25.0,,45.0,Mobile,320.0,49.0,Yes,Inactive
user_663,RPG,57.0,611.0,8255.0,,,0.68,303.0,Sometimes,39.0,PC,487.0,80.0,Yes,Inactive
user_664,,35.0,410.0,2699.0,Gold,1691.0,0.03,260.0,Often,,,193.0,95.0,,Active
user_665,Sports,27.0,945.0,11125.0,Bronze,1135.0,0.13,58.0,Never,33.0,Mobile,340.0,0.0,No,
user_666,,67.0,977.0,15401.0,Silver,634.0,0.64,60.0,Sometimes,,Console,464.0,90.0,No,Active
user_667,,2.0,51.0,372.0,,1485.0,0.66,304.0,,44.0,,193.0,43.0,Yes,Inactive
user_668,MOBA,40.0,,14544.0,Silver,1888.0,0.75,413.0,,44.0,Console,355.0,99.0,No,Active
user_669,FPS,34.0,445.0,18898.0,Bronze,,0.72,400.0,,52.0,Mobile,73.0,48.0,,Inactive
user_670,Sports,75.0,611.0,17315.0,Bronze,361.0,0.66,69.0,Sometimes,29.0,,118.0,6.0,Yes,Inactive
user_671,RPG,75.0,443.0,1990.0,Bronze,202.0,0.77,441.0,Sometimes,,Mobile,108.0,2.0,No,Active
user_672,RPG,49.0,381.0,9607.0,Platinum,486.0,0.58,446.0,,,Mobile,112.0,93.0,No,Inactive
user_673,FPS,73.0,762.0,6790.0,,1503.0,0.26,444.0,Often,20.0,PC,349.0,0.0,No,Active
user_674,FPS,29.0,373.0,8553.0,,3.0,0.91,446.0,,51.0,,25.0,50.0,No,Inactive
user_675,MOBA,71.0,975.0,5383.0,,1152.0,0.02,270.0,Sometimes,56.0,Mobile,391.0,97.0,Yes,Active
user_676,RPG,76.0,565.0,15575.0,Platinum,,0.37,256.0,Often,11.0,Console,436.0,37.0,Yes,Inactive
user_677,,69.0,374.0,715.0,Bronze,800.0,0.73,396.0,Sometimes,48.0,PC,270.0,42.0,,Inactive
user_678,FPS,53.0,388.0,9837.0,Bronze,976.0,0.43,431.0,Never,5.0,PC,347.0,54.0,Yes,Active
user_679,FPS,70.0,648.0,17931.0,Silver,26.0,0.02,383.0,Sometimes,38.0,PC,213.0,,No,Inactive
user_680,FPS,50.0,673.0,13950.0,Platinum,1065.0,0.07,417.0,,59.0,Console,174.0,52.0,No,Inactive
user_681,Sports,27.0,865.0,7992.0,Gold,964.0,0.65,124.0,Sometimes,5.0,,487.0,99.0,No,Inactive
user_682,RPG,63.0,803.0,17035.0,,1606.0,0.96,413.0,,52.0,Console,,32.0,,Inactive
user_683,Sports,20.0,478.0,1050.0,Silver,63.0,0.55,18.0,Often,59.0,Console,198.0,79.0,Yes,Inactive
user_684,Sports,26.0,403.0,13357.0,Silver,1048.0,0.51,,Often,3.0,Console,351.0,61.0,Yes,Active
user_685,MOBA,26.0,592.0,4742.0,Silver,71.0,0.32,319.0,Often,52.0,Mobile,434.0,10.0,Yes,Active
user_686,FPS,76.0,467.0,13369.0,Bronze,1505.0,0.26,65.0,Never,8.0,Mobile,397.0,71.0,,Inactive
user_687,RPG,49.0,731.0,5044.0,Gold,1896.0,0.02,244.0,,4.0,Console,127.0,51.0,,Active
user_688,MOBA,28.0,596.0,10288.0,Silver,899.0,,56.0,Never,9.0,Console,181.0,0.0,,Active
user_689,MOBA,38.0,504.0,7261.0,,267.0,,43.0,Never,,Mobile,,13.0,,Inactive
user_690,,56.0,82.0,10846.0,Bronze,1849.0,0.2,11.0,Often,,Mobile,192.0,93.0,,Active
user_691,FPS,36.0,318.0,18064.0,Gold,94.0,0.09,,,22.0,,350.0,84.0,No,Inactive
user_692,RPG,63.0,66.0,9799.0,,,0.72,423.0,,3.0,Console,356.0,20.0,,Active
user_693,RPG,47.0,,3522.0,Gold,868.0,0.89,235.0,Sometimes,57.0,,33.0,33.0,,Inactive
user_694,RPG,21.0,452.0,13690.0,Gold,363.0,0.94,23.0,,36.0,,90.0,89.0,,Inactive
,FPS,29.0,745.0,2057.0,,1338.0,0.62,394.0,Sometimes,6.0,PC,51.0,13.0,Yes,Inactive
user_696,RPG,27.0,197.0,2721.0,Platinum,116.0,3.0,449.0,Often,5.0,,81.0,39.0,,Inactive
user_697,Sports,22.0,258.0,4821.0,Gold,163.0,0.74,256.0,Often,44.0,Console,347.0,34.0,No,Active
user_698,Sports,3.0,688.0,2563.0,Platinum,876.0,0.11,441.0,Never,50.0,PC,195.0,41.0,Yes,Active
user_699,FPS,2.0,297.0,,Gold,789.0,0.67,283.0,Often,41.0,Mobile,35.0,81.0,,Inactive
user_700,RPG,,279.0,13692.0,,576.0,0.78,323.0,Sometimes,14.0,,311.0,19.0,No,Active
user_701,,3.0,299.0,15661.0,Gold,305.0,0.73,360.0,Never,34.0,PC,173.0,59.0,,Inactive
user_702,,64.0,128.0,202.0,Silver,771.0,0.95,250.0,,49.0,,40.0,8.0,No,Inactive
user_703,,11.0,497.0,941.0,Silver,1763.0,0.74,93.0,,31.0,Console,249.0,32.0,No,Active
user_704,,12.0,882.0,16972.0,Gold,199.0,0.69,379.0,Never,13.0,PC,428.0,48.0,,Inactive
user_705,,33.0,437.0,8762.0,,1755.0,0.26,442.0,Often,34.0,PC,,67.0,,
user_706,,58.0,691.0,9537.0,,179.0,0.92,454.0,Never,10.0,PC,192.0,,Yes,Active
user_707,RPG,72.0,291.0,1642.0,Bronze,357.0,0.18,379.0,Never,9.0,,19.0,47.0,,
user_708,,30.0,206.0,1365.0,,739.0,0.9,21.0,Often,16.0,Mobile,338.0,15.0,No,Inactive
user_709,MOBA,70.0,293.0,7556.0,Platinum,1275.0,0.31,473.0,,12.0,Mobile,487.0,46.0,,Active
user_710,,12.0,939.0,8.0,Gold,1322.0,0.13,156.0,Never,56.0,,,25.0,No,Active
user_711,MOBA,53.0,849.0,16915.0,Silver,1896.0,,88.0,,33.0,Console,162.0,69.0,No,Inactive
user_712,FPS,1.0,982.0,1035.0,,429.0,0.0,201.0,Sometimes,59.0,PC,418.0,,,Active
user_713,FPS,32.0,686.0,12763.0,Silver,1027.0,0.83,467.0,Often,44.0,,159.0,21.0,No,Active
user_714,RPG,,28.0,18001.0,Bronze,652.0,0.26,461.0,Sometimes,50.0,Mobile,245.0,6.0,,
user_715,Sports,6.0,178.0,6722.0,Gold,677.0,0.88,480.0,,4.0,PC,300.0,41.0,No,Active
user_716,RPG,17.0,40.0,17460.0,,,0.69,196.0,Sometimes,47.0,Console,466.0,29.0,Yes,Active
user_717,RPG,50.0,469.0,4015.0,,940.0,0.67,44.0,,9.0,,49.0,73.0,,Active
user_718,Sports,7.0,,7129.0,,1688.0,0.37,453.0,Sometimes,31.0,,499.0,78.0,Yes,Inactive
user_719,RPG,54.0,343.0,2962.0,Bronze,1602.0,0.06,469.0,Never,11.0,,463.0,5.0,,Inactive
user_720,Sports,75.0,748.0,4840.0,Silver,1590.0,0.83,379.0,Never,51.0,,179.0,23.0,Yes,Active
user_721,RPG,42.0,815.0,17296.0,Silver,1119.0,0.17,400.0,Often,12.0,Console,496.0,65.0,,Active
user_722,FPS,58.0,972.0,15337.0,Gold,166.0,0.37,78.0,,20.0,PC,350.0,39.0,Yes,
user_723,MOBA,29.0,736.0,5699.0,Gold,1856.0,0.6,38.0,,47.0,,60.0,14.0,Yes,Inactive
user_724,RPG,58.0,625.0,5922.0,,1354.0,0.48,423.0,Often,53.0,Mobile,58.0,52.0,,Inactive
user_725,,8.0,277.0,14862.0,Gold,1921.0,0.2,283.0,,52.0,Mobile,345.0,84.0,,Inactive
user_726,,67.0,354.0,13598.0,,964.0,0.14,385.0,,57.0,Mobile,269.0,81.0,No,
user_727,RPG,38.0,,1898.0,Platinum,1911.0,0.12,465.0,Sometimes,32.0,,378.0,4.0,No,Active
user_728,FPS,10.0,85.0,19616.0,,853.0,0.86,154.0,Sometimes,53.0,Console,243.0,88.0,,
user_729,Sports,1.0,900.0,2822.0,Platinum,1085.0,0.03,148.0,,40.0,,325.0,35.0,,Active
user_730,FPS,22.0,316.0,4484.0,Platinum,173.0,0.98,342.0,Often,47.0,PC,112.0,73.0,Yes,Active
user_731,,62.0,856.0,13052.0,,1276.0,,390.0,,50.0,Console,202.0,45.0,Yes,Active
user_732,Sports,21.0,901.0,18038.0,Silver,1484.0,0.11,444.0,,46.0,,,22.0,No,Inactive
user_733,FPS,60.0,692.0,16975.0,Silver,623.0,0.58,51.0,Often,49.0,Console,218.0,87.0,No,Active
user_734,FPS,25.0,336.0,1848.0,Gold,,0.08,250.0,Often,53.0,Console,250.0,44.0,No,Inactive
user_735,FPS,11.0,862.0,13269.0,Bronze,1262.0,0.6,431.0,Sometimes,31.0,,401.0,9.0,Yes,Active
user_736,Sports,31.0,144.0,3041.0,Silver,414.0,0.85,381.0,Often,11.0,Console,42.0,53.0,Yes,Active
,FPS,8.0,314.0,16551.0,,738.0,0.05,146.0,Never,45.0,,177.0,69.0,Yes,Inactive
user_738,FPS,68.0,224.0,4379.0,Bronze,1765.0,0.8,328.0,Sometimes,34.0,PC,109.0,76.0,No,Inactive
user_739,MOBA,70.0,422.0,7661.0,,1768.0,0.39,395.0,,35.0,Console,44.0,84.0,,Active
user_740,FPS,32.0,53.0,6967.0,,,0.16,493.0,,37.0,Console,,31.0,No,Inactive
user_741,FPS,23.0,893.0,12199.0,,125.0,0.18,349.0,Often,47.0,Console,403.0,42.0,Yes,Inactive
user_742,,68.0,943.0,15674.0,Bronze,940.0,0.92,454.0,Never,27.0,Mobile,438.0,14.0,No,Inactive
user_743,,,932.0,13531.0,Platinum,252.0,0.11,257.0,Often,12.0,,134.0,65.0,No,Active
,,10.0,815.0,18565.0,,1868.0,0.87,272.0,Never,11.0,,185.0,14.0,No,Active
user_745,MOBA,31.0,67.0,832.0,,1973.0,0.54,458.0,Sometimes,21.0,Mobile,483.0,80.0,No,Active
user_746,,63.0,618.0,14210.0,Silver,1734.0,0.04,497.0,,43.0,,414.0,19.0,Yes,Inactive
user_747,RPG,71.0,333.0,17405.0,Silver,196.0,0.46,124.0,Never,1.0,PC,198.0,49.0,No,Inactive
user_748,Sports,19.0,76.0,10185.0,Silver,1657.0,0.82,203.0,Sometimes,28.0,Mobile,335.0,5.0,,Active
user_749,FPS,33.0,538.0,3492.0,Bronze,412.0,0.73,255.0,,12.0,,293.0,78.0,No,Active
user_750,,41.0,855.0,11862.0,Gold,1479.0,0.49,,Never,34.0,PC,470.0,16.0,Yes,Inactive
user_751,,7.0,154.0,288.0,Gold,775.0,0.86,20.0,Never,12.0,,345.0,25.0,,Active
user_752,FPS,65.0,71.0,7816.0,Gold,1077.0,0.12,77.0,Sometimes,56.0,Mobile,63.0,21.0,,Active
user_753,FPS,20.0,500.0,1076.0,Gold,1670.0,0.91,334.0,,33.0,,355.0,72.0,Yes,Inactive
user_754,MOBA,78.0,446.0,15564.0,Gold,1362.0,0.85,50.0,,18.0,PC,30.0,63.0,,Inactive
user_755,,69.0,691.0,1371.0,Platinum,1382.0,0.71,361.0,Sometimes,8.0,PC,482.0,75.0,,Active
user_756,,4.0,558.0,1074.0,Gold,1174.0,0.82,360.0,Often,51.0,PC,107.0,85.0,,Inactive
user_757,RPG,66.0,753.0,4934.0,Gold,1123.0,,265.0,Sometimes,30.0,,25.0,57.0,,
user_758,RPG,42.0,358.0,39.0,Bronze,233.0,0.68,115.0,,32.0,Mobile,437.0,86.0,,
user_759,,15.0,276.0,4274.0,Bronze,1567.0,0.56,54.0,Sometimes,26.0,,84.0,36.0,,Inactive
user_760,RPG,72.0,882.0,16566.0,,1085.0,0.36,291.0,Often,44.0,Console,331.0,77.0,No,Inactive
user_761,,34.0,312.0,5496.0,Platinum,1964.0,0.57,50.0,Sometimes,1.0,Mobile,474.0,87.0,No,Active
user_762,,42.0,104.0,12992.0,Gold,195.0,0.26,329.0,Sometimes,14.0,Console,203.0,71.0,,Inactive
user_763,MOBA,38.0,970.0,2508.0,Gold,541.0,0.44,272.0,Never,18.0,,326.0,89.0,Yes,Inactive
user_764,RPG,9.0,94.0,12018.0,,1778.0,,253.0,Often,56.0,Mobile,41.0,95.0,Yes,Active
user_765,,73.0,218.0,8072.0,,,0.12,491.0,,30.0,Console,18.0,27.0,,Inactive
user_766,RPG,19.0,681.0,13348.0,Platinum,294.0,0.32,472.0,Often,56.0,,460.0,,No,Active
user_767,MOBA,0.0,877.0,13910.0,Silver,644.0,0.85,60.0,,15.0,Mobile,225.0,,No,
user_768,Sports,5.0,943.0,,Gold,,0.38,346.0,,42.0,PC,368.0,48.0,Yes,Inactive
user_769,FPS,52.0,794.0,16065.0,Silver,1557.0,0.75,480.0,Never,14.0,PC,395.0,,,Active
user_770,FPS,45.0,,318.0,Platinum,155.0,,458.0,,5.0,PC,170.0,66.0,No,Active
user_771,RPG,65.0,199.0,11818.0,Gold,405.0,0.42,396.0,Never,13.0,Console,177.0,88.0,,Inactive
user_772,,37.0,928.0,,Silver,895.0,0.11,448.0,Sometimes,26.0,Console,154.0,75.0,,Active
user_773,MOBA,32.0,331.0,13982.0,Silver,725.0,0.14,350.0,,37.0,,176.0,92.0,Yes,
user_774,Sports,66.0,546.0,10856.0,Platinum,737.0,0.62,224.0,Sometimes,18.0,PC,85.0,66.0,,Inactive
user_775,Sports,76.0,865.0,12516.0,Gold,796.0,0.61,468.0,Often,36.0,Console,,40.0,,Active
user_776,Sports,34.0,655.0,728.0,,1706.0,0.21,335.0,,42.0,PC,229.0,45.0,Yes,Active
user_777,FPS,78.0,291.0,1287.0,Platinum,553.0,0.47,102.0,Sometimes,3.0,,363.0,86.0,No,
user_778,MOBA,44.0,65.0,4001.0,,1595.0,0.86,470.0,Often,57.0,Mobile,39.0,86.0,,Inactive
,FPS,,971.0,,Gold,374.0,0.17,457.0,Often,25.0,Console,362.0,54.0,Yes,Active
user_780,RPG,67.0,730.0,1375.0,Silver,1612.0,0.02,,Sometimes,59.0,Console,192.0,81.0,No,Active
user_781,,16.0,567.0,14970.0,,,0.65,224.0,Never,,Mobile,228.0,10.0,,Active
user_782,MOBA,4.0,656.0,12078.0,Platinum,201.0,0.05,341.0,Often,40.0,Console,135.0,99.0,No,Inactive
user_783,Sports,56.0,403.0,24.0,Platinum,1755.0,0.98,232.0,Never,48.0,,378.0,25.0,Yes,Active
user_784,,39.0,724.0,17538.0,Bronze,1475.0,0.61,69.0,Never,39.0,Console,455.0,71.0,,Inactive
user_785,FPS,29.0,605.0,12657.0,Gold,1210.0,0.47,,Never,14.0,Console,460.0,91.0,,Active
user_786,,41.0,617.0,17843.0,Bronze,1631.0,,227.0,Never,40.0,Mobile,498.0,81.0,Yes,Active
user_787,Sports,6.0,595.0,15583.0,Platinum,853.0,0.57,494.0,Never,36.0,,355.0,12.0,,Inactive
user_788,,70.0,647.0,4706.0,Platinum,723.0,0.09,9.0,,3.0,PC,315.0,35.0,Yes,Active
user_789,MOBA,,145.0,13663.0,,,0.93,184.0,Never,25.0,PC,13.0,63.0,No,Inactive
user_790,RPG,40.0,760.0,15844.0,Bronze,339.0,0.63,79.0,,51.0,Mobile,73.0,50.0,Yes,Inactive
user_791,,33.0,529.0,9412.0,Silver,261.0,0.18,,Often,17.0,,32.0,75.0,,Active
user_792,RPG,21.0,401.0,18540.0,Gold,1864.0,0.56,498.0,,40.0,Mobile,403.0,21.0,,Active
user_793,RPG,51.0,124.0,5979.0,Silver,1947.0,,,,52.0,Mobile,373.0,59.0,No,Inactive
user_794,RPG,5.0,513.0,7943.0,Silver,1612.0,0.02,313.0,Never,58.0,PC,479.0,1.0,,Inactive
user_795,RPG,73.0,331.0,8911.0,Gold,542.0,0.63,339.0,Often,34.0,,238.0,55.0,Yes,Inactive
user_796,FPS,24.0,479.0,7486.0,Platinum,550.0,0.65,323.0,Often,53.0,,35.0,39.0,Yes,Active
user_797,RPG,,711.0,1105.0,,1329.0,0.58,83.0,Often,40.0,Mobile,319.0,27.0,,Active
user_798,MOBA,9.0,946.0,3769.0,,1869.0,0.18,85.0,Sometimes,40.0,PC,236.0,76.0,No,Active
user_799,RPG,73.0,649.0,2479.0,Platinum,1749.0,0.6,156.0,,,,342.0,96.0,No,Active
user_800,FPS,25.0,714.0,10112.0,Bronze,637.0,0.06,143.0,Never,28.0,Mobile,490.0,2.0,,Inactive
user_801,,4.0,397.0,11271.0,Silver,164.0,0.61,490.0,Sometimes,,Console,58.0,62.0,Yes,Inactive
user_802,,67.0,793.0,4731.0,,757.0,0.55,62.0,Never,23.0,PC,456.0,97.0,,Inactive
user_803,,70.0,814.0,11361.0,Silver,620.0,0.66,430.0,,3.0,,473.0,22.0,,Active
user_804,Sports,49.0,29.0,16087.0,,1111.0,0.9,42.0,Often,20.0,,179.0,54.0,No,Active
user_805,MOBA,16.0,55.0,3172.0,,1223.0,0.85,,Sometimes,38.0,,302.0,31.0,Yes,Active
user_806,FPS,10.0,630.0,14041.0,,1294.0,0.98,157.0,Often,6.0,PC,283.0,83.0,No,Inactive
user_807,,52.0,937.0,7068.0,Gold,50.0,,184.0,Sometimes,22.0,Mobile,369.0,27.0,No,Inactive
user_808,FPS,49.0,131.0,6557.0,,488.0,0.77,285.0,Never,39.0,Console,90.0,7.0,Yes,Inactive
user_809,FPS,7.0,,3330.0,Bronze,197.0,0.96,490.0,Never,58.0,,69.0,2.0,Yes,Inactive
user_810,Sports,61.0,394.0,6022.0,Bronze,1046.0,0.87,,Sometimes,20.0,PC,93.0,93.0,Yes,Active
user_811,,75.0,151.0,12643.0,Platinum,664.0,0.73,439.0,,0.0,,58.0,88.0,,Active
user_812,,28.0,501.0,2058.0,Platinum,1246.0,0.08,23.0,,58.0,,122.0,52.0,Yes,Active
user_813,FPS,43.0,981.0,18254.0,Platinum,1965.0,0.05,496.0,Sometimes,40.0,Console,365.0,93.0,,Inactive
user_814,,44.0,962.0,3621.0,Platinum,1244.0,0.84,356.0,,24.0,,480.0,28.0,No,Inactive
user_815,FPS,28.0,932.0,9337.0,Bronze,662.0,0.49,204.0,Never,30.0,PC,233.0,93.0,Yes,Inactive
user_816,Sports,58.0,505.0,3991.0,Platinum,265.0,,361.0,,54.0,Mobile,271.0,97.0,,Inactive
user_817,Sports,14.0,385.0,11565.0,Bronze,72.0,0.31,223.0,Sometimes,43.0,Console,323.0,88.0,,Active
user_818,RPG,69.0,907.0,8503.0,,1904.0,0.4,100.0,,,PC,26.0,80.0,,Active
user_819,Sports,43.0,532.0,17158.0,,76.0,0.7,,Sometimes,44.0,,442.0,58.0,,Inactive
user_820,,35.0,964.0,15337.0,Gold,543.0,0.92,7.0,Never,4.0,PC,251.0,23.0,No,Active
user_821,Sports,56.0,966.0,11112.0,Platinum,880.0,0.09,471.0,Often,52.0,Console,477.0,37.0,Yes,Inactive
,RPG,63.0,447.0,13761.0,,434.0,0.86,171.0,Never,30.0,,377.0,27.0,Yes,Inactive
user_823,MOBA,75.0,579.0,10023.0,,1960.0,0.79,207.0,Never,50.0,Mobile,473.0,96.0,Yes,Inactive
user_824,FPS,37.0,125.0,8885.0,Silver,1088.0,0.32,95.0,Sometimes,57.0,,424.0,61.0,Yes,Inactive
,FPS,16.0,554.0,1376.0,Silver,1984.0,0.36,161.0,Never,0.0,,318.0,99.0,Yes,Inactive
user_826,,26.0,693.0,5939.0,Bronze,356.0,0.05,290.0,Never,53.0,,24.0,50.0,Yes,Active
user_827,RPG,16.0,488.0,9181.0,Gold,935.0,0.02,95.0,,55.0,,404.0,6.0,,Active
user_828,RPG,62.0,611.0,2846.0,Silver,17.0,0.48,305.0,Sometimes,29.0,Console,480.0,22.0,Yes,Active
,RPG,10.0,890.0,6817.0,Gold,675.0,0.1,144.0,,17.0,,188.0,45.0,,Active
user_830,FPS,63.0,445.0,7430.0,,1822.0,0.19,257.0,Sometimes,7.0,PC,353.0,89.0,No,Active
user_831,Sports,38.0,469.0,11151.0,Bronze,1589.0,0.85,473.0,,55.0,Console,54.0,77.0,,Active
user_832,FPS,1.0,348.0,1716.0,Gold,574.0,0.57,437.0,,25.0,Console,94.0,27.0,No,Inactive
user_833,FPS,65.0,507.0,6780.0,Silver,1792.0,,299.0,Often,39.0,,108.0,23.0,Yes,Inactive
user_834,FPS,53.0,456.0,3331.0,,750.0,0.19,464.0,Never,,Console,198.0,6.0,No,Active
user_835,Sports,28.0,985.0,9081.0,Platinum,1459.0,0.83,101.0,,14.0,PC,387.0,99.0,No,Inactive
user_836,MOBA,44.0,907.0,17762.0,,995.0,0.87,176.0,Often,18.0,Console,373.0,78.0,,Inactive
user_837,,79.0,751.0,,Silver,1464.0,0.52,385.0,,9.0,Console,78.0,48.0,,Inactive
user_838,MOBA,30.0,384.0,10556.0,Silver,1032.0,0.91,327.0,,23.0,PC,273.0,2.0,No,Active
user_839,MOBA,48.0,,13555.0,Platinum,1493.0,0.84,109.0,Often,15.0,PC,19.0,1.0,No,Active
user_840,FPS,8.0,928.0,16615.0,,631.0,0.73,197.0,Often,42.0,Console,333.0,6.0,Yes,Active
user_841,MOBA,26.0,447.0,10004.0,Gold,1371.0,0.73,392.0,Often,30.0,Mobile,287.0,79.0,,Inactive
user_842,FPS,55.0,627.0,5422.0,Gold,1625.0,0.11,128.0,Never,43.0,Console,396.0,,No,Active
user_843,FPS,77.0,114.0,11188.0,,371.0,0.27,,Never,15.0,PC,202.0,8.0,,Active
user_844,,44.0,451.0,247.0,Gold,969.0,0.07,358.0,,15.0,PC,488.0,11.0,Yes,Active
user_845,RPG,42.0,653.0,13598.0,,1847.0,0.01,136.0,Never,27.0,PC,438.0,92.0,Yes,Inactive
user_846,FPS,21.0,118.0,13227.0,,1198.0,0.16,397.0,Often,19.0,Mobile,348.0,23.0,No,Active
user_847,MOBA,32.0,92.0,13811.0,Silver,1538.0,0.88,26.0,Sometimes,34.0,PC,199.0,32.0,Yes,Active
user_848,,26.0,909.0,3741.0,Bronze,1153.0,0.24,136.0,Never,58.0,,414.0,77.0,No,
user_849,MOBA,39.0,520.0,16446.0,Silver,1589.0,0.97,163.0,Often,8.0,,40.0,42.0,,
user_850,RPG,,584.0,1551.0,,1316.0,0.6,348.0,Often,,Mobile,409.0,81.0,,Active
user_851,Sports,44.0,537.0,,Bronze,1719.0,0.24,467.0,Often,9.0,PC,209.0,4.0,No,Active
user_852,RPG,,432.0,3005.0,,1950.0,0.5,462.0,Often,44.0,PC,312.0,78.0,No,Inactive
user_853,,25.0,750.0,3322.0,Gold,352.0,0.22,,,17.0,,143.0,70.0,No,Active
user_854,RPG,69.0,873.0,16008.0,Platinum,223.0,0.98,130.0,Often,44.0,,268.0,88.0,,Active
,RPG,66.0,144.0,7997.0,Gold,1547.0,0.85,372.0,Often,44.0,Console,61.0,13.0,,Active
user_856,,5.0,67.0,,Bronze,953.0,0.03,150.0,,14.0,Mobile,114.0,35.0,,Active
user_857,,27.0,699.0,12516.0,Bronze,1730.0,0.95,377.0,Never,44.0,Console,178.0,34.0,Yes,Inactive
user_858,MOBA,66.0,877.0,17266.0,,1782.0,0.72,245.0,Sometimes,29.0,,,49.0,,Inactive
user_859,FPS,12.0,130.0,393.0,Platinum,1532.0,,109.0,,47.0,PC,229.0,87.0,,Inactive
user_860,Sports,62.0,732.0,,,367.0,0.67,72.0,,31.0,PC,390.0,78.0,No,Active
user_861,Sports,12.0,,4167.0,Platinum,1689.0,0.65,285.0,Never,39.0,,68.0,,,Active
user_862,Sports,,788.0,13194.0,Platinum,,0.22,274.0,Never,26.0,Console,256.0,23.0,,Active
user_863,RPG,0.0,651.0,4231.0,,1675.0,0.76,357.0,Often,26.0,,440.0,74.0,Yes,Active
user_864,,39.0,565.0,19161.0,Gold,1523.0,0.09,66.0,Never,18.0,Mobile,453.0,43.0,Yes,Inactive
user_865,,36.0,512.0,1401.0,Silver,1113.0,0.49,49.0,Sometimes,9.0,Mobile,271.0,50.0,No,Active
user_866,,30.0,639.0,8086.0,Platinum,655.0,0.01,303.0,,43.0,Mobile,394.0,16.0,Yes,Inactive
user_867,FPS,16.0,0.0,905.0,Bronze,1972.0,0.97,2.0,Sometimes,45.0,PC,356.0,69.0,,Active
user_868,,8.0,684.0,529.0,,1095.0,0.75,225.0,,5.0,Mobile,467.0,84.0,,
user_869,,63.0,941.0,8011.0,Gold,432.0,0.16,65.0,Sometimes,52.0,PC,336.0,7.0,,Inactive
user_870,RPG,56.0,431.0,15001.0,Platinum,1712.0,0.34,154.0,Often,23.0,,324.0,78.0,No,Active
user_871,MOBA,12.0,390.0,4618.0,Gold,1371.0,0.16,470.0,Sometimes,8.0,,361.0,95.0,Yes,Active
user_872,Sports,36.0,265.0,19005.0,,1286.0,0.77,361.0,,,Console,97.0,73.0,Yes,Active
user_873,RPG,13.0,398.0,16956.0,Bronze,1294.0,0.06,479.0,Sometimes,6.0,PC,187.0,27.0,,Active
user_874,RPG,74.0,807.0,17027.0,Platinum,508.0,0.84,110.0,Never,5.0,,304.0,78.0,Yes,Inactive
user_875,RPG,24.0,255.0,14908.0,Platinum,507.0,0.94,482.0,Sometimes,53.0,,218.0,11.0,No,
user_876,Sports,77.0,394.0,7013.0,Gold,616.0,0.68,295.0,,32.0,Console,498.0,,,Inactive
user_877,RPG,56.0,951.0,9484.0,,419.0,0.21,380.0,Often,20.0,Console,,81.0,Yes,Inactive
user_878,MOBA,70.0,173.0,11787.0,Silver,1095.0,0.36,255.0,Sometimes,45.0,Console,87.0,36.0,,Active
user_879,,41.0,44.0,12834.0,Platinum,73.0,0.48,273.0,Sometimes,55.0,PC,393.0,87.0,,Active
user_880,MOBA,41.0,854.0,5605.0,Bronze,1678.0,0.6,154.0,Never,37.0,Mobile,103.0,62.0,Yes,Inactive
user_881,,46.0,140.0,10677.0,Platinum,1526.0,1.5,138.0,Often,43.0,PC,,92.0,No,Inactive
user_882,,43.0,538.0,16938.0,Platinum,573.0,0.55,166.0,Often,16.0,Console,438.0,62.0,Yes,Active
user_883,RPG,40.0,744.0,14051.0,Silver,145.0,0.35,18.0,Often,30.0,Mobile,106.0,9.0,Yes,Active
user_884,RPG,2.0,720.0,19777.0,Silver,45.0,0.89,,,36.0,,333.0,77.0,Yes,Inactive
user_885,Sports,,49.0,10766.0,,1764.0,0.08,390.0,,10.0,PC,382.0,79.0,Yes,Active
user_886,FPS,78.0,60.0,10416.0,Platinum,1128.0,0.47,222.0,Never,27.0,Console,75.0,36.0,Yes,Active
user_887,MOBA,10.0,242.0,15009.0,Platinum,1132.0,0.78,56.0,Sometimes,4.0,,377.0,,Yes,Inactive
user_888,Sports,6.0,268.0,13874.0,Gold,1340.0,0.06,385.0,,11.0,Mobile,342.0,89.0,No,Active
user_889,Sports,11.0,139.0,9185.0,Gold,120.0,0.71,293.0,Often,2.0,PC,390.0,18.0,,Inactive
user_890,MOBA,37.0,156.0,19843.0,Bronze,1522.0,0.82,132.0,Sometimes,55.0,,376.0,51.0,No,Active
user_891,MOBA,53.0,596.0,17505.0,Bronze,1066.0,0.66,461.0,Sometimes,40.0,,270.0,17.0,Yes,Inactive
,,66.0,595.0,16439.0,Gold,1963.0,,337.0,Sometimes,,Mobile,496.0,93.0,No,Inactive
user_893,FPS,52.0,275.0,,Bronze,98.0,0.18,291.0,Never,53.0,Mobile,134.0,31.0,,Inactive
user_894,RPG,31.0,30.0,8849.0,Platinum,,0.34,451.0,,1.0,,64.0,22.0,No,Inactive
user_895,FPS,44.0,7.0,4736.0,Silver,310.0,0.23,343.0,,25.0,Mobile,305.0,11.0,Yes,Inactive
user_896,,50.0,791.0,2609.0,Platinum,1237.0,0.96,204.0,Sometimes,1.0,Mobile,396.0,57.0,,Active
user_897,RPG,36.0,714.0,14675.0,Gold,1486.0,0.65,118.0,Never,53.0,PC,446.0,76.0,Yes,Active
user_898,FPS,,934.0,3909.0,,1764.0,0.3,252.0,Never,11.0,Mobile,123.0,20.0,Yes,Inactive
user_899,Sports,53.0,32.0,16787.0,,,0.93,84.0,,39.0,Console,267.0,20.0,,
user_900,Sports,17.0,809.0,14867.0,Gold,1412.0,0.74,184.0,,1.0,Console,487.0,92.0,,Inactive
user_1,Sports,61.0,,13215.0,Gold,159.0,0.62,171.0,Never,4.0,PC,,86.0,Yes,Active
user_2,RPG,9.0,244.0,9053.0,Silver,99.0,0.32,271.0,,48.0,PC,243.0,71.0,No,Inactive
user_3,Sports,34.0,148.0,36.0,Silver,264.0,,404.0,Never,46.0,,76.0,20.0,,Active
,FPS,22.0,795.0,10273.0,Silver,1773.0,0.78,270.0,,35.0,,314.0,96.0,Yes,Inactive
user_5,RPG,64.0,367.0,19692.0,Bronze,749.0,0.93,422.0,Often,12.0,Console,397.0,46.0,,Inactive
user_6,MOBA,78.0,15.0,12499.0,Platinum,1072.0,0.37,41.0,Sometimes,16.0,PC,403.0,0.0,,Active
user_7,RPG,24.0,175.0,11403.0,Silver,676.0,-1.0,188.0,,,Mobile,308.0,11.0,No,Inactive
user_8,,52.0,539.0,,,798.0,0.6,259.0,Never,24.0,Console,408.0,74.0,Yes,Active
user_9,RPG,16.0,405.0,19039.0,Gold,1438.0,0.53,151.0,Often,,,167.0,47.0,,Inactive
user_10,MOBA,56.0,466.0,14017.0,Bronze,1082.0,0.89,130.0,Never,1.0,,255.0,93.0,,Active
user_11,,74.0,879.0,17365.0,Gold,182.0,0.0,113.0,Often,23.0,,361.0,3.0,Yes,Active
user_12,Sports,76.0,128.0,14696.0,Platinum,658.0,0.28,384.0,Sometimes,35.0,Mobile,199.0,33.0,No,Active
user_13,RPG,19.0,222.0,6447.0,,1470.0,0.54,221.0,Often,24.0,PC,64.0,86.0,No,Inactive
user_14,Sports,24.0,883.0,12583.0,Platinum,1921.0,0.18,396.0,Often,33.0,,,31.0,Yes,Inactive
user_15,RPG,41.0,,151.0,Silver,,0.91,53.0,Sometimes,11.0,Console,422.0,2.0,,Inactive
user_16,FPS,44.0,425.0,14257.0,Gold,607.0,0.65,337.0,Sometimes,18.0,Mobile,360.0,91.0,No,Inactive
user_17,FPS,30.0,353.0,11486.0,,1578.0,0.48,295.0,Often,49.0,PC,359.0,67.0,No,Active
user_18,MOBA,64.0,749.0,13507.0,Gold,1377.0,0.81,382.0,Never,,Console,77.0,56.0,,Active
user_19,FPS,51.0,,9514.0,Bronze,1792.0,0.45,394.0,,29.0,Console,,75.0,,
user_20,,79.0,325.0,5648.0,,1236.0,0.56,41.0,Never,36.0,,123.0,23.0,,Inactive
user_21,,20.0,603.0,1511.0,Bronze,1212.0,0.0,92.0,,42.0,Mobile,186.0,32.0,,Inactive
user_22,RPG,29.0,2.0,18642.0,,642.0,0.37,259.0,Sometimes,0.0,,388.0,2.0,Yes,Inactive
user_23,Sports,2.0,478.0,16615.0,Silver,,0.14,280.0,Never,59.0,,222.0,3.0,,Active
user_24,,69.0,975.0,19126.0,Gold,811.0,0.69,355.0,Sometimes,2.0,PC,260.0,29.0,No,Active
user_25,RPG,42.0,80.0,7749.0,Gold,1926.0,0.48,419.0,Often,48.0,,400.0,69.0,,Active
